,artistId,name,relatedArtists,followers,popularity,genres
0,1FEABcMZtFitRlvH8V0UJI,Aref,"['5b1CDxqOGnXr5M1DUn2XQh', '5vGVXwtTLpfUyOxX5nkV0P', '2qNu2Ys8ePDMvKwixWNdbS', '0FYkbjit3zaFIN4kvVUdGW', '4NdEcxTgFXf083ttLRBZOE']",6560,29,['classic persian pop']
1,4NdEcxTgFXf083ttLRBZOE,Bijan Mortazavi,"['5b1CDxqOGnXr5M1DUn2XQh', '2jvB5M73tBZlWybPmxIaw7', '0cuFX3PhgtIqQDKPLCL854', '5DKMxoSsZBKkZG22hJHbfq', '5WCHc16VvzVCmBKH70CYfw']",5323,27,['classic persian pop']
2,2jvB5M73tBZlWybPmxIaw7,Dariush,"['5b1CDxqOGnXr5M1DUn2XQh', '5WCHc16VvzVCmBKH70CYfw', '2IYl0pVatTl6O2d1CQj6GQ', '4NdEcxTgFXf083ttLRBZOE', '3pI1XXzzKOYdYCLWurc2Ky']",21090,36,['classic persian pop']
3,5b1CDxqOGnXr5M1DUn2XQh,Hayedeh,"['2jvB5M73tBZlWybPmxIaw7', '1FEABcMZtFitRlvH8V0UJI', '4NdEcxTgFXf083ttLRBZOE', '3pI1XXzzKOYdYCLWurc2Ky', '0cuFX3PhgtIqQDKPLCL854']",21280,37,['classic persian pop']
4,3pI1XXzzKOYdYCLWurc2Ky,Ebi,"['5b1CDxqOGnXr5M1DUn2XQh', '2jvB5M73tBZlWybPmxIaw7', '1xA7r3Y1UGCp3rQMkgFXz4', '4DKaZIByJZluOmixSYIjjk', '2IYl0pVatTl6O2d1CQj6GQ']",35235,39,['classic persian pop']
5,78j1lyp6JO4xzjQzsjKji6,Marzieh,"['0FYkbjit3zaFIN4kvVUdGW', '2qNu2Ys8ePDMvKwixWNdbS', '7f8OibY3PULjl3LFgONPXC', '2Y2gsVQ9NzlSlQdCgnQ6ug', '5fDiPm7RFIZx73fNwnLOxR']",3858,22,"['classic persian pop', 'persian traditional']"
6,0FYkbjit3zaFIN4kvVUdGW,Alireza Eftekhari,"['5b1CDxqOGnXr5M1DUn2XQh', '2jvB5M73tBZlWybPmxIaw7', '7f8OibY3PULjl3LFgONPXC', '4NdEcxTgFXf083ttLRBZOE', '0cuFX3PhgtIqQDKPLCL854']",3269,25,"['classic persian pop', 'persian traditional']"
7,7f8OibY3PULjl3LFgONPXC,Fereidoon Foroughi,"['5b1CDxqOGnXr5M1DUn2XQh', '0FYkbjit3zaFIN4kvVUdGW', '0cuFX3PhgtIqQDKPLCL854', '2qNu2Ys8ePDMvKwixWNdbS', '7159gjWBGZLDBKrhH0gQVB']",3926,25,['classic persian pop']
8,0cuFX3PhgtIqQDKPLCL854,Viguen,"['5b1CDxqOGnXr5M1DUn2XQh', '5fDiPm7RFIZx73fNwnLOxR', '2qNu2Ys8ePDMvKwixWNdbS', '4NdEcxTgFXf083ttLRBZOE', '7f8OibY3PULjl3LFgONPXC']",5295,29,['classic persian pop']
9,6XJ5KXl0DaiBPd5xH5x7i5,Houshmand Aghili,"['1grC023GSmH0FTqX3Pwxgw', '1Sz090MImPxme9m9F5zM6x', '7IHTK9lmwhFuuJ2ditvlQr', '25MK2fNxURgal32iaffifr', '5TJxWW696uXFzZYpp9b6nk']",963,13,['classic persian pop']
10,1Sz090MImPxme9m9F5zM6x,Andy & Kouros,"['5TJxWW696uXFzZYpp9b6nk', '69bVyzCRQweGwImywypLRD', '5akOgE7THgqgmt4fAxQkre', '2HGF8MZq8nygoAlDB3BhCP', '6FwyjZoydsivQ2ge94HmLP']",2748,26,['classic persian pop']
11,3lDvSMuYmhBK4KhJ9Bryak,Behnam Bani,"['0Ivc48Y30tpafzyoi2U4OJ', '0RijxlHRlHCt8hYWPclQRJ', '3ik1ITmfyz6tnIgodqEHlz', '5soNWYxH02JzesP081GwEl', '1IlwO4YlID1tcb5QgWOiQu']",6723,36,['persian pop']
12,0RijxlHRlHCt8hYWPclQRJ,Puzzle Band,"['3lDvSMuYmhBK4KhJ9Bryak', '0Ivc48Y30tpafzyoi2U4OJ', '72YzRGDNjyHcUMLtsmJgKN', '1IlwO4YlID1tcb5QgWOiQu', '3ik1ITmfyz6tnIgodqEHlz']",4633,34,['persian pop']
13,4NsjYrMOyuCPXgVjw2V93o,Arash AP,[],825,33,[]
14,6a3oGQA11oMCKPqYRcG7Nq,Kamran & Hooman,"['1tOtb40DeTYQJZPe11zSVx', '56m55Jl81jGd7q54U0IAOE', '1gej3rNdgoHFpH0D4Nxupv', '72482nIO3fujPgLNJQWuCy', '1IU605ta1wAa04gO13wTsT']",7809,32,"['classic persian pop', 'persian pop']"
15,1IU605ta1wAa04gO13wTsT,Mehrshad,"['1bVetRIib0DC0OuFKkrB17', '6a3oGQA11oMCKPqYRcG7Nq', '2BAb1Ohq2UZYaK5JsYwsL6', '56m55Jl81jGd7q54U0IAOE', '1tOtb40DeTYQJZPe11zSVx']",1450,26,"['classic persian pop', 'persian pop']"
16,72482nIO3fujPgLNJQWuCy,Mohsen Yeganeh,"['2IYl0pVatTl6O2d1CQj6GQ', '00J3XSB6tD4SGSFflGseDx', '1tOtb40DeTYQJZPe11zSVx', '3IDPcBP4OoTNvm3b4h46cW', '0iMvs2xig8hcY8LdFCSHKZ']",21732,27,"['classic persian pop', 'persian pop']"
17,3IDPcBP4OoTNvm3b4h46cW,Shadmehr Aghili,"['2IYl0pVatTl6O2d1CQj6GQ', '2jvB5M73tBZlWybPmxIaw7', '72482nIO3fujPgLNJQWuCy', '00J3XSB6tD4SGSFflGseDx', '5b1CDxqOGnXr5M1DUn2XQh']",25785,39,"['classic persian pop', 'persian pop']"
18,2IYl0pVatTl6O2d1CQj6GQ,Mohsen Chavoshi,"['72482nIO3fujPgLNJQWuCy', '00J3XSB6tD4SGSFflGseDx', '2jvB5M73tBZlWybPmxIaw7', '3IDPcBP4OoTNvm3b4h46cW', '4DKaZIByJZluOmixSYIjjk']",23559,40,"['classic persian pop', 'persian pop']"
19,7hQmAXAzWI6D350VTgkKTG,Arash,"['56m55Jl81jGd7q54U0IAOE', '6hGL5amK9JGLOa3PNydScE', '1gej3rNdgoHFpH0D4Nxupv', '6a3oGQA11oMCKPqYRcG7Nq', '57Pw3FSi1qi2fOY4wKOKjK']",47606,50,['persian pop']
20,6hGL5amK9JGLOa3PNydScE,Mansour,"['4NdEcxTgFXf083ttLRBZOE', '56m55Jl81jGd7q54U0IAOE', '1gej3rNdgoHFpH0D4Nxupv', '5b1CDxqOGnXr5M1DUn2XQh', '3IDPcBP4OoTNvm3b4h46cW']",8749,37,"['classic persian pop', 'persian pop']"
21,56m55Jl81jGd7q54U0IAOE,Afshin,"['1gej3rNdgoHFpH0D4Nxupv', '5WCHc16VvzVCmBKH70CYfw', '6hGL5amK9JGLOa3PNydScE', '4NdEcxTgFXf083ttLRBZOE', '5DKMxoSsZBKkZG22hJHbfq']",4756,33,"['classic persian pop', 'persian pop']"
22,1gej3rNdgoHFpH0D4Nxupv,Black Cats,"['56m55Jl81jGd7q54U0IAOE', '4NdEcxTgFXf083ttLRBZOE', '5DKMxoSsZBKkZG22hJHbfq', '6hGL5amK9JGLOa3PNydScE', '5b1CDxqOGnXr5M1DUn2XQh']",6188,34,['persian pop']
23,69bVyzCRQweGwImywypLRD,Susan Roshan,"['5akOgE7THgqgmt4fAxQkre', '2HGF8MZq8nygoAlDB3BhCP', '3Tf5EjUPHi04W0filXAkrG', '0EffwahbVorwsGoVtfovXM', '2Y2gsVQ9NzlSlQdCgnQ6ug']",1276,19,['classic persian pop']
24,6Wv60Ia6xpfZG3WEazWwLo,Shahram Solati,"['0EffwahbVorwsGoVtfovXM', '5coMLgB6HtAg6rf9QVPLPa', '3Tf5EjUPHi04W0filXAkrG', '2Y2gsVQ9NzlSlQdCgnQ6ug', '4CXwPHzJ8f5TxtyrsjbwLl']",3913,27,"['classic persian pop', 'persian pop']"
25,5coMLgB6HtAg6rf9QVPLPa,Pouya,"['0EffwahbVorwsGoVtfovXM', '3Tf5EjUPHi04W0filXAkrG', '5akOgE7THgqgmt4fAxQkre', '6Wv60Ia6xpfZG3WEazWwLo', '2Y2gsVQ9NzlSlQdCgnQ6ug']",1239,38,"['classic persian pop', 'persian pop']"
26,2Y2gsVQ9NzlSlQdCgnQ6ug,Shahrokh,"['0EffwahbVorwsGoVtfovXM', '3Tf5EjUPHi04W0filXAkrG', '69bVyzCRQweGwImywypLRD', '59N9f8b5zCYSCyov5lxBhm', '5coMLgB6HtAg6rf9QVPLPa']",1300,17,['classic persian pop']
27,0EffwahbVorwsGoVtfovXM,Hengameh,"['3Tf5EjUPHi04W0filXAkrG', '5coMLgB6HtAg6rf9QVPLPa', '2Y2gsVQ9NzlSlQdCgnQ6ug', '5akOgE7THgqgmt4fAxQkre', '59N9f8b5zCYSCyov5lxBhm']",3208,27,"['classic persian pop', 'persian pop']"
28,3Tf5EjUPHi04W0filXAkrG,Nooshafarin,"['0EffwahbVorwsGoVtfovXM', '5akOgE7THgqgmt4fAxQkre', '5coMLgB6HtAg6rf9QVPLPa', '69bVyzCRQweGwImywypLRD', '59N9f8b5zCYSCyov5lxBhm']",1644,20,['classic persian pop']
29,59N9f8b5zCYSCyov5lxBhm,Homeyra,"['3Tf5EjUPHi04W0filXAkrG', '0EffwahbVorwsGoVtfovXM', '69bVyzCRQweGwImywypLRD', '2Y2gsVQ9NzlSlQdCgnQ6ug', '5akOgE7THgqgmt4fAxQkre']",4317,22,['classic persian pop']
30,0LkkLM2M97UEG7hi5mLn3u,Sasy,"['0RijxlHRlHCt8hYWPclQRJ', '3ik1ITmfyz6tnIgodqEHlz', '7pBXdJN9S9N9nNifjPixET', '3lDvSMuYmhBK4KhJ9Bryak', '3pox3Tg5r65OlxX2zuNfRe']",5334,34,['persian pop']
31,5akOgE7THgqgmt4fAxQkre,Faramarz Assef,"['3Tf5EjUPHi04W0filXAkrG', '69bVyzCRQweGwImywypLRD', '0EffwahbVorwsGoVtfovXM', '5coMLgB6HtAg6rf9QVPLPa', '2Y2gsVQ9NzlSlQdCgnQ6ug']",1515,23,['classic persian pop']
32,5soNWYxH02JzesP081GwEl,Macan Band,"['2uae2HQyeF6uSsV7u1cUF2', '67kWRUuakWQ7zpgUCLWMCH', '3ik1ITmfyz6tnIgodqEHlz', '7gZ2ehh4RMlxJia3aVmoLM', '10q6ToQDyMq4fIckvuwXEO']",5238,33,['persian pop']
33,7mTfF5lvdMyiWciH81cNBq,O-Hum,"['4eVyI1yiHoRjVrxt5y7gGL', '6V6v6VpsjWE28oeoAnqPhg', '1ft8rFTxoZ1c41DCR1tr1T', '42o3S5oDd4Q4YyMNRmN5oS', '4besYDIj6c0kONEoL2fFqP']",2721,13,['persian alternative']
34,1HxhTTLPJlj5uiYSdjVgGU,Alishmas,"['05xOq3llEmAYBHDUsgHpi2', '4s7Z3TRfMsMcMwBbE6iSBV', '0DymMFBnzHFnWU0kosXtsQ', '0iMvs2xig8hcY8LdFCSHKZ', '0mHI0Oi13X1Qi5ubUxYeUe']",4202,33,['persian pop']
35,0mHI0Oi13X1Qi5ubUxYeUe,Armin 2AFM,"['2ZC6H1OYbKsTwyWP2oipVD', '7kyv6pxakvg25qRWqq9vj7', '0LkkLM2M97UEG7hi5mLn3u', '1HxhTTLPJlj5uiYSdjVgGU', '0iMvs2xig8hcY8LdFCSHKZ']",4632,21,"['persian hip hop', 'persian pop']"
36,0iMvs2xig8hcY8LdFCSHKZ,Babak Jahanbakhsh,"['72482nIO3fujPgLNJQWuCy', '21bYSNzWliPW8JOHPMzx7X', '1tOtb40DeTYQJZPe11zSVx', '0T1TzS3WjueMtv79puFaqr', '5ImecuuoVCZHfMq7Ohe3pY']",6096,32,['persian pop']
37,0T1TzS3WjueMtv79puFaqr,Behnam Safavi,"['1tOtb40DeTYQJZPe11zSVx', '00J3XSB6tD4SGSFflGseDx', '6CwqlS95wmmB4ZWgCtdzUi', '0iMvs2xig8hcY8LdFCSHKZ', '72482nIO3fujPgLNJQWuCy']",2564,24,['classic persian pop']
38,21bYSNzWliPW8JOHPMzx7X,Shahram Shokoohi,"['0iMvs2xig8hcY8LdFCSHKZ', '2IYl0pVatTl6O2d1CQj6GQ', '5ZJVKcOJZ2liLXcMD8G4fG', '00J3XSB6tD4SGSFflGseDx', '0T1TzS3WjueMtv79puFaqr']",3295,26,"['classic persian pop', 'persian pop']"
39,1DqM4ENIX53mvRakSSjaTj,Mohammad Esfahani,"['2jvB5M73tBZlWybPmxIaw7', '00J3XSB6tD4SGSFflGseDx', '2IYl0pVatTl6O2d1CQj6GQ', '3IDPcBP4OoTNvm3b4h46cW', '5b1CDxqOGnXr5M1DUn2XQh']",5063,25,['classic persian pop']
40,5DKMxoSsZBKkZG22hJHbfq,Leila Forouhar,"['4NdEcxTgFXf083ttLRBZOE', '2qNu2Ys8ePDMvKwixWNdbS', '5b1CDxqOGnXr5M1DUn2XQh', '0cuFX3PhgtIqQDKPLCL854', '0EffwahbVorwsGoVtfovXM']",8611,33,['classic persian pop']
41,00J3XSB6tD4SGSFflGseDx,Reza Sadeghi,"['2IYl0pVatTl6O2d1CQj6GQ', '1tOtb40DeTYQJZPe11zSVx', '2jvB5M73tBZlWybPmxIaw7', '72482nIO3fujPgLNJQWuCy', '3IDPcBP4OoTNvm3b4h46cW']",10045,33,['persian pop']
42,1xA7r3Y1UGCp3rQMkgFXz4,Faramarz Aslani,"['2jvB5M73tBZlWybPmxIaw7', '5b1CDxqOGnXr5M1DUn2XQh', '4DKaZIByJZluOmixSYIjjk', '5WCHc16VvzVCmBKH70CYfw', '3pI1XXzzKOYdYCLWurc2Ky']",10745,31,['classic persian pop']
43,25MK2fNxURgal32iaffifr,Golpa,"['1grC023GSmH0FTqX3Pwxgw', '6XJ5KXl0DaiBPd5xH5x7i5', '7IHTK9lmwhFuuJ2ditvlQr', '6AjwgAZIBM1QvBEc6tioCz', '0uCPk7Qaa7trIUAo0MarQa']",1262,12,['classic persian pop']
44,6AjwgAZIBM1QvBEc6tioCz,Dariush Rafiee,"['7IHTK9lmwhFuuJ2ditvlQr', '1grC023GSmH0FTqX3Pwxgw', '1BFRK4Cr65UGvumFsJcntf', '25MK2fNxURgal32iaffifr', '6XJ5KXl0DaiBPd5xH5x7i5']",464,3,"['classic persian pop', 'persian traditional']"
45,7IHTK9lmwhFuuJ2ditvlQr,Kouros Sarhangzadeh,"['6AjwgAZIBM1QvBEc6tioCz', '1grC023GSmH0FTqX3Pwxgw', '6XJ5KXl0DaiBPd5xH5x7i5', '25MK2fNxURgal32iaffifr', '1BFRK4Cr65UGvumFsJcntf']",558,5,"['classic persian pop', 'persian traditional']"
46,1grC023GSmH0FTqX3Pwxgw,Elaheh,"['6XJ5KXl0DaiBPd5xH5x7i5', '25MK2fNxURgal32iaffifr', '7IHTK9lmwhFuuJ2ditvlQr', '6AjwgAZIBM1QvBEc6tioCz', '1BFRK4Cr65UGvumFsJcntf']",1336,12,"['classic persian pop', 'persian traditional']"
47,1BFRK4Cr65UGvumFsJcntf,Parvin,"['1grC023GSmH0FTqX3Pwxgw', '7IHTK9lmwhFuuJ2ditvlQr', '6XJ5KXl0DaiBPd5xH5x7i5', '6AjwgAZIBM1QvBEc6tioCz', '7DCmQW885aZQY5fhN1C2PD']",620,12,['classic persian pop']
48,7DCmQW885aZQY5fhN1C2PD,Pouran,"['69bVyzCRQweGwImywypLRD', '5akOgE7THgqgmt4fAxQkre', '05owR1ds02eaZgCrtfATRF', '5TJxWW696uXFzZYpp9b6nk', '3Tf5EjUPHi04W0filXAkrG']",1269,15,['classic persian pop']
49,05owR1ds02eaZgCrtfATRF,Fereshteh,"['7DCmQW885aZQY5fhN1C2PD', '7MYldHzLrKMxUl7AcNTmHO', '5TJxWW696uXFzZYpp9b6nk', '5fDiPm7RFIZx73fNwnLOxR', '230YvsAgS4Uu6leCUUc6Bp']",482,8,['classic persian pop']
50,6G9faozjdy9wpfIKhDMRBR,Mohammad Motamedi,"['68Mz4oTRLkgxPgdkmfujeL', '3RGDkgJ2rGLnm4JqoEvdVT', '55eAm6u8p3FNbnOMlL0tfy', '0dEXbKWCnr91EGFzeI3mXS', '7gDiOICKaYVFJugoruVGlS']",1498,12,"['persian neo-traditional', 'persian traditional']"
51,7gDiOICKaYVFJugoruVGlS,Farhang Sharif,"['55eAm6u8p3FNbnOMlL0tfy', '5lHrDA7zeOdc9IlQ4uuy2p', '0VBhf7JZeqXh9k9fMBjbDL', '3f2boapgR4BFR5VaWqCeat', '1jnMluSEN8aWUWRSUxvhKT']",484,36,['persian traditional']
52,5lHrDA7zeOdc9IlQ4uuy2p,Aliasghar Bahari,"['55eAm6u8p3FNbnOMlL0tfy', '3fdDkhBEDruWRwbxaO9jUL', '3UVVoDGplRkSLfvwMkXxpr', '7gDiOICKaYVFJugoruVGlS', '0VBhf7JZeqXh9k9fMBjbDL']",207,4,['persian traditional']
53,3UVVoDGplRkSLfvwMkXxpr,Morteza Mahjoubi,"['55eAm6u8p3FNbnOMlL0tfy', '0VBhf7JZeqXh9k9fMBjbDL', '68LXHEi8ZkAtcXKvO5JPP9', '5lHrDA7zeOdc9IlQ4uuy2p', '6tvcFc7mKCBbhQp7N673sY']",185,2,['persian traditional']
54,6tvcFc7mKCBbhQp7N673sY,Hassan Kassa'i,"['0VBhf7JZeqXh9k9fMBjbDL', '55eAm6u8p3FNbnOMlL0tfy', '2ktshnN1R8gPr4BxyBRqRg', '68LXHEi8ZkAtcXKvO5JPP9', '1jnMluSEN8aWUWRSUxvhKT']",122,0,[]
55,5fDiPm7RFIZx73fNwnLOxR,Ramesh,"['0cuFX3PhgtIqQDKPLCL854', '1Z9AMFrgGmPJAqLqVTzrHZ', '2qNu2Ys8ePDMvKwixWNdbS', '5vGVXwtTLpfUyOxX5nkV0P', '1FEABcMZtFitRlvH8V0UJI']",1988,20,['classic persian pop']
56,5WCHc16VvzVCmBKH70CYfw,Moein,"['2jvB5M73tBZlWybPmxIaw7', '5b1CDxqOGnXr5M1DUn2XQh', '4NdEcxTgFXf083ttLRBZOE', '56m55Jl81jGd7q54U0IAOE', '4DKaZIByJZluOmixSYIjjk']",22097,39,['classic persian pop']
57,2rencXwi2bmo5d0P8443Ao,Shahyad,"['0EffwahbVorwsGoVtfovXM', '5coMLgB6HtAg6rf9QVPLPa', '3Tf5EjUPHi04W0filXAkrG', '6FwyjZoydsivQ2ge94HmLP', '5akOgE7THgqgmt4fAxQkre']",1777,23,"['classic persian pop', 'persian pop']"
58,4DKaZIByJZluOmixSYIjjk,Siavash Ghomayshi,"['2jvB5M73tBZlWybPmxIaw7', '1xA7r3Y1UGCp3rQMkgFXz4', '5WCHc16VvzVCmBKH70CYfw', '2IYl0pVatTl6O2d1CQj6GQ', '5b1CDxqOGnXr5M1DUn2XQh']",25345,36,['classic persian pop']
59,3meYUCHyh5OayViOog5daw,Shahram Nazeri,"['45EXJ1cQAEt8k2zIYHyLBm', '129o0b0q8hAgjrd7jDrbhP', '5Uj3HYkiz1cn32IPHMqhOy', '4eVyI1yiHoRjVrxt5y7gGL', '5C43FNPZAzBXLGWgkYWbs1']",9197,26,"['classic persian pop', 'persian traditional']"
60,129o0b0q8hAgjrd7jDrbhP,Hossein Alizadeh,"['5Uj3HYkiz1cn32IPHMqhOy', '2NzB7sjEg2k46XhFXeYi2v', '5sarhkyrBmQFnOJe2HrMBH', '3meYUCHyh5OayViOog5daw', '5C43FNPZAzBXLGWgkYWbs1']",7997,26,"['persian neo-traditional', 'persian traditional']"
61,5C43FNPZAzBXLGWgkYWbs1,Mohammad-Reza Shajarian,"['129o0b0q8hAgjrd7jDrbhP', '5Uj3HYkiz1cn32IPHMqhOy', '3meYUCHyh5OayViOog5daw', '27dwAgbXmxxoow8Mpn7aQz', '5sarhkyrBmQFnOJe2HrMBH']",12499,25,"['classic persian pop', 'persian traditional']"
62,45EXJ1cQAEt8k2zIYHyLBm,Mohammadreza Shajarian,"['3meYUCHyh5OayViOog5daw', '5Uj3HYkiz1cn32IPHMqhOy', '129o0b0q8hAgjrd7jDrbhP', '4eVyI1yiHoRjVrxt5y7gGL', '1xA7r3Y1UGCp3rQMkgFXz4']",4278,23,"['classic persian pop', 'persian traditional']"
63,5Uj3HYkiz1cn32IPHMqhOy,Homayoun Shajarian,"['45EXJ1cQAEt8k2zIYHyLBm', '129o0b0q8hAgjrd7jDrbhP', '3meYUCHyh5OayViOog5daw', '5tJdqzQYWhaBSWzGVhqGUX', '5C43FNPZAzBXLGWgkYWbs1']",18517,34,"['classic persian pop', 'persian traditional']"
64,5vGVXwtTLpfUyOxX5nkV0P,Mahasti,"['1FEABcMZtFitRlvH8V0UJI', '2qNu2Ys8ePDMvKwixWNdbS', '5b1CDxqOGnXr5M1DUn2XQh', '4NdEcxTgFXf083ttLRBZOE', '0cuFX3PhgtIqQDKPLCL854']",11925,30,"['classic persian pop', 'persian traditional']"
65,2qNu2Ys8ePDMvKwixWNdbS,Martik,"['1FEABcMZtFitRlvH8V0UJI', '5vGVXwtTLpfUyOxX5nkV0P', '0EffwahbVorwsGoVtfovXM', '5b1CDxqOGnXr5M1DUn2XQh', '3Tf5EjUPHi04W0filXAkrG']",4216,30,['classic persian pop']
66,26HwS0IKEmqlwyIuv0LbXs,Shohreh,"['0EffwahbVorwsGoVtfovXM', '3Tf5EjUPHi04W0filXAkrG', '2qNu2Ys8ePDMvKwixWNdbS', '5coMLgB6HtAg6rf9QVPLPa', '5DKMxoSsZBKkZG22hJHbfq']",4465,26,"['classic persian pop', 'persian pop']"
67,5IM6obklIrgzzE43vokYvC,Shahram Shabpareh,"['5b1CDxqOGnXr5M1DUn2XQh', '2qNu2Ys8ePDMvKwixWNdbS', '0cuFX3PhgtIqQDKPLCL854', '2jvB5M73tBZlWybPmxIaw7', '5DKMxoSsZBKkZG22hJHbfq']",7447,30,['classic persian pop']
68,0mIgp7Tc3UZNnQVGrPwBG4,Hojat Ashraf Zadeh,"['5soNWYxH02JzesP081GwEl', '5ZJVKcOJZ2liLXcMD8G4fG', '2IYl0pVatTl6O2d1CQj6GQ', '0Ivc48Y30tpafzyoi2U4OJ', '1IlwO4YlID1tcb5QgWOiQu']",815,17,[]
69,0Ivc48Y30tpafzyoi2U4OJ,Hoorosh Band,"['3lDvSMuYmhBK4KhJ9Bryak', '1IlwO4YlID1tcb5QgWOiQu', '3ik1ITmfyz6tnIgodqEHlz', '72YzRGDNjyHcUMLtsmJgKN', '0RijxlHRlHCt8hYWPclQRJ']",4260,33,['persian pop']
70,3ik1ITmfyz6tnIgodqEHlz,Masoud Sadeghloo,"['5soNWYxH02JzesP081GwEl', '2uae2HQyeF6uSsV7u1cUF2', '0Ivc48Y30tpafzyoi2U4OJ', '10q6ToQDyMq4fIckvuwXEO', '3lDvSMuYmhBK4KhJ9Bryak']",3823,30,['persian pop']
71,10q6ToQDyMq4fIckvuwXEO,Sina Shabankhani,"['2uae2HQyeF6uSsV7u1cUF2', '67kWRUuakWQ7zpgUCLWMCH', '3ik1ITmfyz6tnIgodqEHlz', '5soNWYxH02JzesP081GwEl', '6OPRYriCGklH6tE0vk5IM8']",1964,26,['persian pop']
72,67kWRUuakWQ7zpgUCLWMCH,Shahab Mozaffari,"['2uae2HQyeF6uSsV7u1cUF2', '5soNWYxH02JzesP081GwEl', '10q6ToQDyMq4fIckvuwXEO', '5zm75fVbO21EITQVKqDXAl', '6OPRYriCGklH6tE0vk5IM8']",2918,29,['persian pop']
73,5zm75fVbO21EITQVKqDXAl,Ashvan,"['67kWRUuakWQ7zpgUCLWMCH', '3ik1ITmfyz6tnIgodqEHlz', '2uae2HQyeF6uSsV7u1cUF2', '10q6ToQDyMq4fIckvuwXEO', '5soNWYxH02JzesP081GwEl']",1633,14,['persian pop']
74,0RN2n6EdV90CQmfhfxqv0f,Tm bax,"['05xOq3llEmAYBHDUsgHpi2', '22ZtqI4yLm6eyx606HmbtE', '4tXhsMzLWZ1WL952nYBPTL', '72482nIO3fujPgLNJQWuCy', '0iMvs2xig8hcY8LdFCSHKZ']",6731,36,"['classic persian pop', 'persian pop']"
75,4tXhsMzLWZ1WL952nYBPTL,Zedbazi,"['2X90kCLyxyPeJ5nynJGbvT', '0RN2n6EdV90CQmfhfxqv0f', '22ZtqI4yLm6eyx606HmbtE', '0tctijgZruddzQ8FCgvDj2', '1W5u8Bz2yimyuuI8QNYsNO']",15982,32,"['classic persian pop', 'persian alternative', 'persian hip hop', 'persian pop']"
76,22ZtqI4yLm6eyx606HmbtE,Xaniar,"['0iMvs2xig8hcY8LdFCSHKZ', '4tXhsMzLWZ1WL952nYBPTL', '0RN2n6EdV90CQmfhfxqv0f', '05xOq3llEmAYBHDUsgHpi2', '21bYSNzWliPW8JOHPMzx7X']",3727,14,['persian pop']
77,05xOq3llEmAYBHDUsgHpi2,Sami Beigi,"['0RN2n6EdV90CQmfhfxqv0f', '0iMvs2xig8hcY8LdFCSHKZ', '22ZtqI4yLm6eyx606HmbtE', '1HxhTTLPJlj5uiYSdjVgGU', '0DymMFBnzHFnWU0kosXtsQ']",11151,36,['persian pop']
78,1tOtb40DeTYQJZPe11zSVx,Hamid Askari,"['00J3XSB6tD4SGSFflGseDx', '0T1TzS3WjueMtv79puFaqr', '72482nIO3fujPgLNJQWuCy', '2IYl0pVatTl6O2d1CQj6GQ', '3IDPcBP4OoTNvm3b4h46cW']",4815,26,"['classic persian pop', 'persian pop']"
79,5dOnuILcq3uFLKaBMIFokr,Farhad Mehrad,"['1xA7r3Y1UGCp3rQMkgFXz4', '2jvB5M73tBZlWybPmxIaw7', '0cuFX3PhgtIqQDKPLCL854', '47w4VyWVolZiXYnFt0wqr9', '1qJBncZ8HMjYqOtM8H6zfJ']",4285,12,"['classic persian pop', 'persian alternative']"
80,1yPzb9mqugowOfUs2vIOgL,Erfan,"['1PgsdK1Ll4oK28g6KLPOg1', '2B4DnBz9uzJN5nPgLEHCt7', '5y33cZ1Lo1YVUjraV880Lb', '3tecdksDTajgP8xxkuDgyJ', '5vVveQB8n4kETe67waTS3t']",6818,30,['persian hip hop']
81,0L2xFm9NOT8alkoXmVl8BL,Abbas Ghaderi,"['0uCPk7Qaa7trIUAo0MarQa', '1Sz090MImPxme9m9F5zM6x', '5TJxWW696uXFzZYpp9b6nk', '4CXwPHzJ8f5TxtyrsjbwLl', '6FwyjZoydsivQ2ge94HmLP']",1039,18,['classic persian pop']
82,6FwyjZoydsivQ2ge94HmLP,Siavash,"['3Tf5EjUPHi04W0filXAkrG', '4CXwPHzJ8f5TxtyrsjbwLl', '0EffwahbVorwsGoVtfovXM', '2qNu2Ys8ePDMvKwixWNdbS', '69bVyzCRQweGwImywypLRD']",3312,22,['classic persian pop']
83,6vErKE6TNXsUsVuVre8JW3,Koroush Yaghmaee,"['2jvB5M73tBZlWybPmxIaw7', '0cuFX3PhgtIqQDKPLCL854', '5b1CDxqOGnXr5M1DUn2XQh', '6hKJvRsiSIyjIBv9usxkhh', '7f8OibY3PULjl3LFgONPXC']",35,0,['classic persian pop']
84,2mGkJsyXC8byI83UHSO4w1,Sogand,"['5y33cZ1Lo1YVUjraV880Lb', '2SFwcduI9cdZsG6UxnBm3C', '4uGBJ4gqsK7NAUb3DKTL7Q', '7mGDv3CYlPghTIWzE6tOpv', '0jCVTRvQkILbJvpviTpvd1']",7304,26,"['persian alternative', 'persian hip hop']"
85,5y33cZ1Lo1YVUjraV880Lb,Bozorg,"['4uGBJ4gqsK7NAUb3DKTL7Q', '2SFwcduI9cdZsG6UxnBm3C', '7mGDv3CYlPghTIWzE6tOpv', '0jCVTRvQkILbJvpviTpvd1', '0u4qrFczDmAsJesHPgbnru']",3255,21,['persian hip hop']
86,4uGBJ4gqsK7NAUb3DKTL7Q,Wantons,"['5y33cZ1Lo1YVUjraV880Lb', '2SFwcduI9cdZsG6UxnBm3C', '7mGDv3CYlPghTIWzE6tOpv', '0jCVTRvQkILbJvpviTpvd1', '0u4qrFczDmAsJesHPgbnru']",2782,17,['persian hip hop']
87,0tctijgZruddzQ8FCgvDj2,Reza Yazdani,"['6V6v6VpsjWE28oeoAnqPhg', '1W5u8Bz2yimyuuI8QNYsNO', '5F3JQSbuDo4pWGLC2UTLTI', '4tXhsMzLWZ1WL952nYBPTL', '4eVyI1yiHoRjVrxt5y7gGL']",4426,19,['classic persian pop']
88,7MYldHzLrKMxUl7AcNTmHO,Giti,"['7DCmQW885aZQY5fhN1C2PD', '05owR1ds02eaZgCrtfATRF', '5TJxWW696uXFzZYpp9b6nk', '6XJ5KXl0DaiBPd5xH5x7i5', '3Tf5EjUPHi04W0filXAkrG']",654,11,['classic persian pop']
89,5TJxWW696uXFzZYpp9b6nk,Farzin,"['69bVyzCRQweGwImywypLRD', '5akOgE7THgqgmt4fAxQkre', '2HGF8MZq8nygoAlDB3BhCP', '2Y2gsVQ9NzlSlQdCgnQ6ug', '5dXcd9n6xLT4yIgnmevz37']",1233,15,['classic persian pop']
90,2X90kCLyxyPeJ5nynJGbvT,Hichkas,"['4tXhsMzLWZ1WL952nYBPTL', '0u4qrFczDmAsJesHPgbnru', '0tctijgZruddzQ8FCgvDj2', '7AJU2n7M6XW5j1fdqTdZgI', '1W5u8Bz2yimyuuI8QNYsNO']",11814,26,"['classic persian pop', 'conscious hip hop', 'persian hip hop']"
91,0u4qrFczDmAsJesHPgbnru,Reza Pishro,"['7mGDv3CYlPghTIWzE6tOpv', '2SFwcduI9cdZsG6UxnBm3C', '5y33cZ1Lo1YVUjraV880Lb', '4uGBJ4gqsK7NAUb3DKTL7Q', '3QNGoF6VzVNnkpjJDT3NHq']",4787,21,['persian hip hop']
92,2SFwcduI9cdZsG6UxnBm3C,Sepehr Khalse,"['4uGBJ4gqsK7NAUb3DKTL7Q', '5y33cZ1Lo1YVUjraV880Lb', '7mGDv3CYlPghTIWzE6tOpv', '0u4qrFczDmAsJesHPgbnru', '0jCVTRvQkILbJvpviTpvd1']",3534,28,['persian hip hop']
93,7mGDv3CYlPghTIWzE6tOpv,Gdaal,"['4uGBJ4gqsK7NAUb3DKTL7Q', '2SFwcduI9cdZsG6UxnBm3C', '5y33cZ1Lo1YVUjraV880Lb', '0jCVTRvQkILbJvpviTpvd1', '0u4qrFczDmAsJesHPgbnru']",2588,22,['persian hip hop']
94,4eVyI1yiHoRjVrxt5y7gGL,Mohsen Namjoo,"['42o3S5oDd4Q4YyMNRmN5oS', '0tctijgZruddzQ8FCgvDj2', '1aAvWm4c1RQ2HnxFQYGFKS', '3meYUCHyh5OayViOog5daw', '1Ztcq0hkmzT4gWfmWZx3wu']",29424,36,['persian alternative']
95,42o3S5oDd4Q4YyMNRmN5oS,Kiosk,"['4eVyI1yiHoRjVrxt5y7gGL', '0tctijgZruddzQ8FCgvDj2', '2jvB5M73tBZlWybPmxIaw7', '1xA7r3Y1UGCp3rQMkgFXz4', '4kC0KjDKDzan8PsIglvzio']",8227,26,"['classic persian pop', 'persian alternative']"
96,1km564YyHWr7156Imwfbp9,Sirvan Khosravi,"['3IDPcBP4OoTNvm3b4h46cW', '2IYl0pVatTl6O2d1CQj6GQ', '72482nIO3fujPgLNJQWuCy', '00J3XSB6tD4SGSFflGseDx', '1tOtb40DeTYQJZPe11zSVx']",11585,33,['persian pop']
97,7gZ2ehh4RMlxJia3aVmoLM,Moein Z,"['67kWRUuakWQ7zpgUCLWMCH', '2uae2HQyeF6uSsV7u1cUF2', '5soNWYxH02JzesP081GwEl', '6OPRYriCGklH6tE0vk5IM8', '3ik1ITmfyz6tnIgodqEHlz']",992,18,[]
98,5FTtKfa7DciDLMolfVdMMP,Haydeh,[],781,13,[]
99,4kC0KjDKDzan8PsIglvzio,Farhad,"['7f8OibY3PULjl3LFgONPXC', '2jvB5M73tBZlWybPmxIaw7', '1xA7r3Y1UGCp3rQMkgFXz4', '5b1CDxqOGnXr5M1DUn2XQh', '4eVyI1yiHoRjVrxt5y7gGL']",5451,25,['classic persian pop']
100,1ft8rFTxoZ1c41DCR1tr1T,Abdi Behravanfar,"['3Z5yC2rnZ3KLYms3QEz9Ie', '7mTfF5lvdMyiWciH81cNBq', '55zgTrm0JBRzarhIzKaPPf', '1Ztcq0hkmzT4gWfmWZx3wu', '5Fq4u0e9OPI4k4R3QC6OZO']",1017,4,"['classic persian pop', 'persian alternative']"
101,3Z5yC2rnZ3KLYms3QEz9Ie,Ballgard,"['1ft8rFTxoZ1c41DCR1tr1T', '4besYDIj6c0kONEoL2fFqP', '7mTfF5lvdMyiWciH81cNBq', '5Fq4u0e9OPI4k4R3QC6OZO', '42o3S5oDd4Q4YyMNRmN5oS']",1214,8,['persian alternative']
102,1Ztcq0hkmzT4gWfmWZx3wu,Soheil Nafisi,"['1aAvWm4c1RQ2HnxFQYGFKS', '2NzB7sjEg2k46XhFXeYi2v', '4srYvTD5HMdRWxpKRHsNfV', '4eVyI1yiHoRjVrxt5y7gGL', '4besYDIj6c0kONEoL2fFqP']",4160,18,"['classic persian pop', 'persian alternative']"
103,1aAvWm4c1RQ2HnxFQYGFKS,Dang Show,"['0tctijgZruddzQ8FCgvDj2', '1Ztcq0hkmzT4gWfmWZx3wu', '4eVyI1yiHoRjVrxt5y7gGL', '5Uj3HYkiz1cn32IPHMqhOy', '4srYvTD5HMdRWxpKRHsNfV']",6766,23,"['classic persian pop', 'persian alternative', 'persian traditional']"
104,5ZJVKcOJZ2liLXcMD8G4fG,Mazyar Fallahi,"['7kyv6pxakvg25qRWqq9vj7', '21bYSNzWliPW8JOHPMzx7X', '0iMvs2xig8hcY8LdFCSHKZ', '3Glr2udz0D2reg29xp4Zta', '3W7mWUVC6aDPAQX7yRFdz5']",5249,29,['persian pop']
105,1W5u8Bz2yimyuuI8QNYsNO,Shahin Najafi,"['0tctijgZruddzQ8FCgvDj2', '4tXhsMzLWZ1WL952nYBPTL', '4eVyI1yiHoRjVrxt5y7gGL', '5F3JQSbuDo4pWGLC2UTLTI', '42o3S5oDd4Q4YyMNRmN5oS']",18781,33,"['classic persian pop', 'conscious hip hop', 'persian alternative']"
106,4srYvTD5HMdRWxpKRHsNfV,Soheil Nafissi,"['1Ztcq0hkmzT4gWfmWZx3wu', '4eVyI1yiHoRjVrxt5y7gGL', '2NzB7sjEg2k46XhFXeYi2v', '1aAvWm4c1RQ2HnxFQYGFKS', '42o3S5oDd4Q4YyMNRmN5oS']",965,12,['persian alternative']
107,5F3JQSbuDo4pWGLC2UTLTI,The Ways,"['0tctijgZruddzQ8FCgvDj2', '4besYDIj6c0kONEoL2fFqP', '6V6v6VpsjWE28oeoAnqPhg', '5YoplpynBN976eNYXe9ZrF', '1aAvWm4c1RQ2HnxFQYGFKS']",2662,18,['persian alternative']
108,6V6v6VpsjWE28oeoAnqPhg,Kaveh Yaghmaei,"['0tctijgZruddzQ8FCgvDj2', '4eVyI1yiHoRjVrxt5y7gGL', '5F3JQSbuDo4pWGLC2UTLTI', '3IDPcBP4OoTNvm3b4h46cW', '1xA7r3Y1UGCp3rQMkgFXz4']",2167,15,"['classic persian pop', 'persian alternative']"
109,07L6XZ7QaTsZLP8jwLoFgY,Googoosh,"['2jvB5M73tBZlWybPmxIaw7', '5b1CDxqOGnXr5M1DUn2XQh', '3IDPcBP4OoTNvm3b4h46cW', '5WCHc16VvzVCmBKH70CYfw', '4NdEcxTgFXf083ttLRBZOE']",24899,39,"['azeri traditional', 'classic persian pop']"
110,1qJBncZ8HMjYqOtM8H6zfJ,Ahmad Shamlu,"['45EXJ1cQAEt8k2zIYHyLBm', '1Lvc9kIF7t5IQBu348jIWf', '3meYUCHyh5OayViOog5daw', '129o0b0q8hAgjrd7jDrbhP', '5Uj3HYkiz1cn32IPHMqhOy']",1141,15,[]
111,1Lvc9kIF7t5IQBu348jIWf,Ahmad Shamloo,"['0k71Q31iQEpUbesX8dQBUM', '45EXJ1cQAEt8k2zIYHyLBm', '5Uj3HYkiz1cn32IPHMqhOy', '3meYUCHyh5OayViOog5daw', '1qJBncZ8HMjYqOtM8H6zfJ']",1523,7,[]
112,5tJdqzQYWhaBSWzGVhqGUX,Alireza Ghorbani,"['5Uj3HYkiz1cn32IPHMqhOy', '3meYUCHyh5OayViOog5daw', '45EXJ1cQAEt8k2zIYHyLBm', '2NzB7sjEg2k46XhFXeYi2v', '1aAvWm4c1RQ2HnxFQYGFKS']",7188,24,"['classic persian pop', 'persian traditional']"
113,5dXcd9n6xLT4yIgnmevz37,Davood Behboodi,"['69bVyzCRQweGwImywypLRD', '2HGF8MZq8nygoAlDB3BhCP', '5akOgE7THgqgmt4fAxQkre', '0EffwahbVorwsGoVtfovXM', '2Y2gsVQ9NzlSlQdCgnQ6ug']",1145,17,['classic persian pop']
114,2HGF8MZq8nygoAlDB3BhCP,Nahid,"['69bVyzCRQweGwImywypLRD', '5akOgE7THgqgmt4fAxQkre', '5dXcd9n6xLT4yIgnmevz37', '3Tf5EjUPHi04W0filXAkrG', '0EffwahbVorwsGoVtfovXM']",1425,17,['classic persian pop']
115,7F3Cjk0SeVN410JfnpVzGu,Sattar,"['5vGVXwtTLpfUyOxX5nkV0P', '5b1CDxqOGnXr5M1DUn2XQh', '2qNu2Ys8ePDMvKwixWNdbS', '1FEABcMZtFitRlvH8V0UJI', '4NdEcxTgFXf083ttLRBZOE']",8058,31,['classic persian pop']
116,7AJU2n7M6XW5j1fdqTdZgI,Tik Taak,"['2B4DnBz9uzJN5nPgLEHCt7', '5vVveQB8n4kETe67waTS3t', '4zNEj5bkHE0kNSpfIwgdvu', '0u4qrFczDmAsJesHPgbnru', '1PgsdK1Ll4oK28g6KLPOg1']",4667,20,"['persian alternative', 'persian hip hop', 'persian pop']"
117,1PgsdK1Ll4oK28g6KLPOg1,Sadegh,"['5vVveQB8n4kETe67waTS3t', '0u4qrFczDmAsJesHPgbnru', '2B4DnBz9uzJN5nPgLEHCt7', '0jCVTRvQkILbJvpviTpvd1', '7AJU2n7M6XW5j1fdqTdZgI']",4508,21,['persian hip hop']
118,5vVveQB8n4kETe67waTS3t,Ho3ein,"['1PgsdK1Ll4oK28g6KLPOg1', '2B4DnBz9uzJN5nPgLEHCt7', '3tecdksDTajgP8xxkuDgyJ', '0u4qrFczDmAsJesHPgbnru', '7AJU2n7M6XW5j1fdqTdZgI']",6855,29,"['persian alternative', 'persian hip hop']"
119,0jCVTRvQkILbJvpviTpvd1,Mehrad Hidden,"['5y33cZ1Lo1YVUjraV880Lb', '2SFwcduI9cdZsG6UxnBm3C', '7mGDv3CYlPghTIWzE6tOpv', '4uGBJ4gqsK7NAUb3DKTL7Q', '0u4qrFczDmAsJesHPgbnru']",5114,23,['persian hip hop']
120,47w4VyWVolZiXYnFt0wqr9,Ali Azimi,"['2J9qJ9p2W1wphlX15FzbVd', '3juum1Huev3gBqWuTfHzML', '5BmZFKfOtJ5uhZd4FZFA2U', '5sGy7zfcUWYPh3wHbyz4fn', '4eVyI1yiHoRjVrxt5y7gGL']",4914,23,['persian alternative']
121,2J9qJ9p2W1wphlX15FzbVd,Pallett Band,"['3juum1Huev3gBqWuTfHzML', '5BmZFKfOtJ5uhZd4FZFA2U', '47w4VyWVolZiXYnFt0wqr9', '5GZNz7JdrJ5HgyKq44iDG1', '5sGy7zfcUWYPh3wHbyz4fn']",8176,28,['persian alternative']
122,5YoplpynBN976eNYXe9ZrF,Comment,"['55zgTrm0JBRzarhIzKaPPf', '4besYDIj6c0kONEoL2fFqP', '5F3JQSbuDo4pWGLC2UTLTI', '7mTfF5lvdMyiWciH81cNBq', '01xUafSGlkbklhhimae66R']",577,6,['persian alternative']
123,55zgTrm0JBRzarhIzKaPPf,127,"['5YoplpynBN976eNYXe9ZrF', '4besYDIj6c0kONEoL2fFqP', '1Ztcq0hkmzT4gWfmWZx3wu', '01xUafSGlkbklhhimae66R', '1ft8rFTxoZ1c41DCR1tr1T']",1737,13,"['gypsy punk', 'persian alternative']"
124,3juum1Huev3gBqWuTfHzML,Chaartaar,"['2J9qJ9p2W1wphlX15FzbVd', '5GZNz7JdrJ5HgyKq44iDG1', '5BmZFKfOtJ5uhZd4FZFA2U', '47w4VyWVolZiXYnFt0wqr9', '1aAvWm4c1RQ2HnxFQYGFKS']",7788,31,['persian alternative']
125,5sGy7zfcUWYPh3wHbyz4fn,Marjan Farsad,"['2J9qJ9p2W1wphlX15FzbVd', '47w4VyWVolZiXYnFt0wqr9', '3juum1Huev3gBqWuTfHzML', '5BmZFKfOtJ5uhZd4FZFA2U', '1aAvWm4c1RQ2HnxFQYGFKS']",7656,28,['persian alternative']
126,2jljxkpACxjzTTEVNIFRXg,Darya Dadvar,"['1Ztcq0hkmzT4gWfmWZx3wu', '6zhA5Vu3mPLVuSCf3RVtxH', '4eVyI1yiHoRjVrxt5y7gGL', '1aAvWm4c1RQ2HnxFQYGFKS', '7f8OibY3PULjl3LFgONPXC']",5445,24,"['classic persian pop', 'persian traditional']"
127,4besYDIj6c0kONEoL2fFqP,Radio Tehran,"['5YoplpynBN976eNYXe9ZrF', '01xUafSGlkbklhhimae66R', '5F3JQSbuDo4pWGLC2UTLTI', '55zgTrm0JBRzarhIzKaPPf', '1aAvWm4c1RQ2HnxFQYGFKS']",2320,14,['persian alternative']
128,01xUafSGlkbklhhimae66R,King Raam,"['4besYDIj6c0kONEoL2fFqP', '5YoplpynBN976eNYXe9ZrF', '55zgTrm0JBRzarhIzKaPPf', '1Ztcq0hkmzT4gWfmWZx3wu', '5F3JQSbuDo4pWGLC2UTLTI']",4259,24,['persian alternative']
129,7159gjWBGZLDBKrhH0gQVB,Simin Ghanem,"['7f8OibY3PULjl3LFgONPXC', '2qNu2Ys8ePDMvKwixWNdbS', '5fDiPm7RFIZx73fNwnLOxR', '0FYkbjit3zaFIN4kvVUdGW', '1Z9AMFrgGmPJAqLqVTzrHZ']",1977,18,['classic persian pop']
130,4zNEj5bkHE0kNSpfIwgdvu,Behzad Leito,"['2B4DnBz9uzJN5nPgLEHCt7', '3tecdksDTajgP8xxkuDgyJ', '7AJU2n7M6XW5j1fdqTdZgI', '5vVveQB8n4kETe67waTS3t', '1PgsdK1Ll4oK28g6KLPOg1']",9004,36,"['persian hip hop', 'persian pop']"
131,2uae2HQyeF6uSsV7u1cUF2,Mohsen Ebrahimzadeh,"['5soNWYxH02JzesP081GwEl', '67kWRUuakWQ7zpgUCLWMCH', '10q6ToQDyMq4fIckvuwXEO', '3ik1ITmfyz6tnIgodqEHlz', '1ZAJENUicmhfNznenQYymS']",3998,39,['persian pop']
132,1ZAJENUicmhfNznenQYymS,Emo Band,"['2uae2HQyeF6uSsV7u1cUF2', '1OCJdJqPSwRk33D9wOlLN0', '67kWRUuakWQ7zpgUCLWMCH', '5soNWYxH02JzesP081GwEl', '7INpA5aJxfDmYebFzHMcGk']",319,12,[]
133,6zu1JcNYULXTVw509cemBy,Hamed Nikpay,"['1Ztcq0hkmzT4gWfmWZx3wu', '6zhA5Vu3mPLVuSCf3RVtxH', '1aAvWm4c1RQ2HnxFQYGFKS', '2jljxkpACxjzTTEVNIFRXg', '27dwAgbXmxxoow8Mpn7aQz']",4295,22,"['classic persian pop', 'persian alternative', 'persian neo-traditional', 'persian traditional']"
134,2NzB7sjEg2k46XhFXeYi2v,Peyman Yazdanian,"['42SXWPm6yVlwZQKfmZGoIb', '129o0b0q8hAgjrd7jDrbhP', '5Uj3HYkiz1cn32IPHMqhOy', '1Ztcq0hkmzT4gWfmWZx3wu', '0eqvP2PYOlKKEZQSKYf06d']",2942,18,"['persian alternative', 'persian neo-traditional', 'persian traditional']"
135,3RGDkgJ2rGLnm4JqoEvdVT,Ali Ghamsari,"['6G9faozjdy9wpfIKhDMRBR', '55eAm6u8p3FNbnOMlL0tfy', '76AfiUNXweLpRzTYqcAFPx', '7gDiOICKaYVFJugoruVGlS', '1jY0z6wdAJQuVr6sytzun7']",484,4,"['persian neo-traditional', 'persian traditional']"
136,5CEosSs2y4M9THNGI6mej8,Amir Tataloo,"['1bVetRIib0DC0OuFKkrB17', '1yPzb9mqugowOfUs2vIOgL', '1HxhTTLPJlj5uiYSdjVgGU', '0Tvuhy3Z9svIM16dPhNgb9', '5vVveQB8n4kETe67waTS3t']",6577,32,['persian pop']
137,1sGLUwUvy2iW7hhbNOpJLQ,Shakila,"['2qNu2Ys8ePDMvKwixWNdbS', '0FYkbjit3zaFIN4kvVUdGW', '0EffwahbVorwsGoVtfovXM', '5b1CDxqOGnXr5M1DUn2XQh', '3Tf5EjUPHi04W0filXAkrG']",3938,18,['classic persian pop']
138,6zhA5Vu3mPLVuSCf3RVtxH,Mahsa Vahdat,"['6zu1JcNYULXTVw509cemBy', '2jljxkpACxjzTTEVNIFRXg', '1Ztcq0hkmzT4gWfmWZx3wu', '5Uj3HYkiz1cn32IPHMqhOy', '3meYUCHyh5OayViOog5daw']",5169,25,"['classic persian pop', 'persian alternative', 'persian traditional']"
139,4CXwPHzJ8f5TxtyrsjbwLl,Morteza,"['0EffwahbVorwsGoVtfovXM', '3Tf5EjUPHi04W0filXAkrG', '6FwyjZoydsivQ2ge94HmLP', '5coMLgB6HtAg6rf9QVPLPa', '2Y2gsVQ9NzlSlQdCgnQ6ug']",2771,25,['classic persian pop']
140,6OPRYriCGklH6tE0vk5IM8,Amirhossein Eftekhari,"['67kWRUuakWQ7zpgUCLWMCH', '2uae2HQyeF6uSsV7u1cUF2', '5soNWYxH02JzesP081GwEl', '7gZ2ehh4RMlxJia3aVmoLM', '5fXqHVzbTggfhYUcjFUv3g']",1057,21,['persian pop']
141,5fXqHVzbTggfhYUcjFUv3g,Morvarid,"['6OPRYriCGklH6tE0vk5IM8', '10q6ToQDyMq4fIckvuwXEO', '67kWRUuakWQ7zpgUCLWMCH', '2uae2HQyeF6uSsV7u1cUF2', '3pox3Tg5r65OlxX2zuNfRe']",228,13,[]
142,3pox3Tg5r65OlxX2zuNfRe,Eddie Attar,"['3ik1ITmfyz6tnIgodqEHlz', '0LkkLM2M97UEG7hi5mLn3u', '10q6ToQDyMq4fIckvuwXEO', '0Ivc48Y30tpafzyoi2U4OJ', '3lDvSMuYmhBK4KhJ9Bryak']",779,20,['persian pop']
143,72YzRGDNjyHcUMLtsmJgKN,Amirabbas Golab,"['0Ivc48Y30tpafzyoi2U4OJ', '3lDvSMuYmhBK4KhJ9Bryak', '0RijxlHRlHCt8hYWPclQRJ', '2uae2HQyeF6uSsV7u1cUF2', '5soNWYxH02JzesP081GwEl']",2513,26,['persian pop']
144,1IlwO4YlID1tcb5QgWOiQu,Hamid Hiraad,"['0Ivc48Y30tpafzyoi2U4OJ', '3lDvSMuYmhBK4KhJ9Bryak', '0RijxlHRlHCt8hYWPclQRJ', '5soNWYxH02JzesP081GwEl', '1XLGWRdWbnYF5WrI8Kli4m']",6170,39,['persian pop']
145,1XLGWRdWbnYF5WrI8Kli4m,Hamed Homayoun,"['3ik1ITmfyz6tnIgodqEHlz', '3lDvSMuYmhBK4KhJ9Bryak', '0Ivc48Y30tpafzyoi2U4OJ', '0RijxlHRlHCt8hYWPclQRJ', '5soNWYxH02JzesP081GwEl']",9326,37,['persian pop']
146,6OiXjQsfAJDqoukTEEtRFk,Kako Band,"['5BmZFKfOtJ5uhZd4FZFA2U', '3juum1Huev3gBqWuTfHzML', '5GZNz7JdrJ5HgyKq44iDG1', '1IlwO4YlID1tcb5QgWOiQu', '1km564YyHWr7156Imwfbp9']",2058,18,[]
147,5BmZFKfOtJ5uhZd4FZFA2U,Daal Band,"['3juum1Huev3gBqWuTfHzML', '2J9qJ9p2W1wphlX15FzbVd', '5GZNz7JdrJ5HgyKq44iDG1', '47w4VyWVolZiXYnFt0wqr9', '5sGy7zfcUWYPh3wHbyz4fn']",2413,19,"['persian alternative', 'persian neo-traditional']"
148,5GZNz7JdrJ5HgyKq44iDG1,Ali Zand Vakili,"['3juum1Huev3gBqWuTfHzML', '2J9qJ9p2W1wphlX15FzbVd', '5BmZFKfOtJ5uhZd4FZFA2U', '2IYl0pVatTl6O2d1CQj6GQ', '5Uj3HYkiz1cn32IPHMqhOy']",5574,29,[]
149,0uCPk7Qaa7trIUAo0MarQa,Jahan,"['5TJxWW696uXFzZYpp9b6nk', '6XJ5KXl0DaiBPd5xH5x7i5', '6FwyjZoydsivQ2ge94HmLP', '1Sz090MImPxme9m9F5zM6x', '2rencXwi2bmo5d0P8443Ao']",2476,18,['classic persian pop']
150,55eAm6u8p3FNbnOMlL0tfy,Jalil Shahnaz,"['7gDiOICKaYVFJugoruVGlS', '3fdDkhBEDruWRwbxaO9jUL', '1Hf2M5agx5UUq70iTJMB04', '3RGDkgJ2rGLnm4JqoEvdVT', '47rRBKkfnGlmXw8AztRvYf']",1057,12,['persian traditional']
151,0DymMFBnzHFnWU0kosXtsQ,Omid Hajili,"['0iMvs2xig8hcY8LdFCSHKZ', '72482nIO3fujPgLNJQWuCy', '21bYSNzWliPW8JOHPMzx7X', '159EfTbAauNiYWo4L0n30z', '05xOq3llEmAYBHDUsgHpi2']",2123,27,['persian pop']
152,3Glr2udz0D2reg29xp4Zta,Mehdi Yarrahi,"['7kyv6pxakvg25qRWqq9vj7', '5ZJVKcOJZ2liLXcMD8G4fG', '1kvuyOm5YCLM6VqzXUR1wP', '7INpA5aJxfDmYebFzHMcGk', '5EvLD8ZqQKUQVTORi5z8tm']",1785,18,['persian pop']
153,7INpA5aJxfDmYebFzHMcGk,Mehdi Ahmadvand,"['5EvLD8ZqQKUQVTORi5z8tm', '7LVIM96INQRse5bdloKlzM', '10q6ToQDyMq4fIckvuwXEO', '3XgrqdSU9HUqgm4wHC9mUx', '1OCJdJqPSwRk33D9wOlLN0']",3408,27,['persian pop']
154,5sarhkyrBmQFnOJe2HrMBH,Kayhan Kalhor,"['129o0b0q8hAgjrd7jDrbhP', '5Uj3HYkiz1cn32IPHMqhOy', '2NzB7sjEg2k46XhFXeYi2v', '42SXWPm6yVlwZQKfmZGoIb', '5C43FNPZAzBXLGWgkYWbs1']",9612,22,"['oriental classical', 'persian neo-traditional', 'persian traditional']"
155,27dwAgbXmxxoow8Mpn7aQz,Salar Aghili,"['0FYkbjit3zaFIN4kvVUdGW', '5Uj3HYkiz1cn32IPHMqhOy', '3meYUCHyh5OayViOog5daw', '5C43FNPZAzBXLGWgkYWbs1', '45EXJ1cQAEt8k2zIYHyLBm']",5830,25,"['classic persian pop', 'persian traditional']"
156,7LVIM96INQRse5bdloKlzM,Alireza Talischi,"['5EvLD8ZqQKUQVTORi5z8tm', '7INpA5aJxfDmYebFzHMcGk', '0RijxlHRlHCt8hYWPclQRJ', '0Ivc48Y30tpafzyoi2U4OJ', '3XgrqdSU9HUqgm4wHC9mUx']",1495,21,['persian pop']
157,3QNGoF6VzVNnkpjJDT3NHq,Shayea,"['7mGDv3CYlPghTIWzE6tOpv', '0u4qrFczDmAsJesHPgbnru', '2SFwcduI9cdZsG6UxnBm3C', '3NMQEyYaKVKd0ZBVJwyAwS', '4uGBJ4gqsK7NAUb3DKTL7Q']",4309,25,['persian hip hop']
158,1doxtFN19fZFut0UYCuf8c,Mehdi Jahani,"['0Ivc48Y30tpafzyoi2U4OJ', '3ik1ITmfyz6tnIgodqEHlz', '0RijxlHRlHCt8hYWPclQRJ', '5soNWYxH02JzesP081GwEl', '3lDvSMuYmhBK4KhJ9Bryak']",2149,32,['persian pop']
159,6hKJvRsiSIyjIBv9usxkhh,Kourosh Yaghmaei,"['2jvB5M73tBZlWybPmxIaw7', '5b1CDxqOGnXr5M1DUn2XQh', '07L6XZ7QaTsZLP8jwLoFgY', '1xA7r3Y1UGCp3rQMkgFXz4', '3pI1XXzzKOYdYCLWurc2Ky']",6389,32,['classic persian pop']
160,0eqvP2PYOlKKEZQSKYf06d,Andrea Bauer,"['2NzB7sjEg2k46XhFXeYi2v', '42SXWPm6yVlwZQKfmZGoIb', '098NN14k4Oa9ZsSO1t3ECk', '5sarhkyrBmQFnOJe2HrMBH', '129o0b0q8hAgjrd7jDrbhP']",327,6,[]
161,3tecdksDTajgP8xxkuDgyJ,Alireza Jj,"['2B4DnBz9uzJN5nPgLEHCt7', '5vVveQB8n4kETe67waTS3t', '4zNEj5bkHE0kNSpfIwgdvu', '7AJU2n7M6XW5j1fdqTdZgI', '1PgsdK1Ll4oK28g6KLPOg1']",4411,30,"['persian hip hop', 'persian pop']"
162,1OCJdJqPSwRk33D9wOlLN0,Saman Jalili,"['7INpA5aJxfDmYebFzHMcGk', '10q6ToQDyMq4fIckvuwXEO', '2uae2HQyeF6uSsV7u1cUF2', '67kWRUuakWQ7zpgUCLWMCH', '7LVIM96INQRse5bdloKlzM']",2868,25,['persian pop']
163,68Mz4oTRLkgxPgdkmfujeL,Majid Derakhshani,"['6G9faozjdy9wpfIKhDMRBR', '3f2boapgR4BFR5VaWqCeat', '76AfiUNXweLpRzTYqcAFPx', '47rRBKkfnGlmXw8AztRvYf', '55eAm6u8p3FNbnOMlL0tfy']",508,13,['persian traditional']
164,76AfiUNXweLpRzTYqcAFPx,Hamid Motebassem,"['1Hf2M5agx5UUq70iTJMB04', '5lkDBB31Xx39oqr9XqmbmY', '68Mz4oTRLkgxPgdkmfujeL', '55eAm6u8p3FNbnOMlL0tfy', '3fdDkhBEDruWRwbxaO9jUL']",523,12,['persian traditional']
165,3W7mWUVC6aDPAQX7yRFdz5,25band,"['7kyv6pxakvg25qRWqq9vj7', '5ZJVKcOJZ2liLXcMD8G4fG', '21bYSNzWliPW8JOHPMzx7X', '2ZC6H1OYbKsTwyWP2oipVD', '0iMvs2xig8hcY8LdFCSHKZ']",2355,17,['persian pop']
166,1bVetRIib0DC0OuFKkrB17,Shahab Tiam,"['1IU605ta1wAa04gO13wTsT', '6FwyjZoydsivQ2ge94HmLP', '2rencXwi2bmo5d0P8443Ao', '6CwqlS95wmmB4ZWgCtdzUi', '0EffwahbVorwsGoVtfovXM']",4554,37,['persian pop']
167,0dEXbKWCnr91EGFzeI3mXS,Sina Sarlak,"['68Mz4oTRLkgxPgdkmfujeL', '4bkJC3QFh36174LdwZbas1', '3f2boapgR4BFR5VaWqCeat', '6G9faozjdy9wpfIKhDMRBR', '6zu1JcNYULXTVw509cemBy']",1032,25,['persian traditional']
168,4bkJC3QFh36174LdwZbas1,Bijan Bijani,"['0dEXbKWCnr91EGFzeI3mXS', '3f2boapgR4BFR5VaWqCeat', '3zQdpHMTdJnV4aCzGqCBYK', '5Qz3GBP3GBO2h0sNKHyjJ2', '5tJdqzQYWhaBSWzGVhqGUX']",784,8,['persian traditional']
169,5ImecuuoVCZHfMq7Ohe3pY,Ali Abdolmaleki,"['4xqposteS5UiLqNIRrHEqm', '0iMvs2xig8hcY8LdFCSHKZ', '4s7Z3TRfMsMcMwBbE6iSBV', '6krYKhItuUgO1cfktfsO20', '3Dtb6nQCoMLf8iKVtDnSvh']",3146,21,['persian pop']
170,7kyv6pxakvg25qRWqq9vj7,Morteza Pashaei,"['5ZJVKcOJZ2liLXcMD8G4fG', '0iMvs2xig8hcY8LdFCSHKZ', '3W7mWUVC6aDPAQX7yRFdz5', '0mHI0Oi13X1Qi5ubUxYeUe', '1HxhTTLPJlj5uiYSdjVgGU']",13897,38,['persian pop']
171,230YvsAgS4Uu6leCUUc6Bp,Afshin Moghadam,"['7MYldHzLrKMxUl7AcNTmHO', '05owR1ds02eaZgCrtfATRF', '5TJxWW696uXFzZYpp9b6nk', '7DCmQW885aZQY5fhN1C2PD', '5fDiPm7RFIZx73fNwnLOxR']",425,5,['classic persian pop']
172,3f2boapgR4BFR5VaWqCeat,Iraj Bastami,"['68Mz4oTRLkgxPgdkmfujeL', '3RGDkgJ2rGLnm4JqoEvdVT', '0dEXbKWCnr91EGFzeI3mXS', '55eAm6u8p3FNbnOMlL0tfy', '1Hf2M5agx5UUq70iTJMB04']",1441,13,['persian traditional']
173,1Hf2M5agx5UUq70iTJMB04,Mohammad Reza Lotfi,"['3fdDkhBEDruWRwbxaO9jUL', '76AfiUNXweLpRzTYqcAFPx', '5lkDBB31Xx39oqr9XqmbmY', '47rRBKkfnGlmXw8AztRvYf', '68Mz4oTRLkgxPgdkmfujeL']",2678,14,['persian traditional']
174,5lkDBB31Xx39oqr9XqmbmY,Dastan Ensemble,"['1Hf2M5agx5UUq70iTJMB04', '129o0b0q8hAgjrd7jDrbhP', '47rRBKkfnGlmXw8AztRvYf', '76AfiUNXweLpRzTYqcAFPx', '3meYUCHyh5OayViOog5daw']",981,7,['persian traditional']
175,0Tvuhy3Z9svIM16dPhNgb9,Mohammad Bibak,"['5CEosSs2y4M9THNGI6mej8', '1PgsdK1Ll4oK28g6KLPOg1', '1yPzb9mqugowOfUs2vIOgL', '7AJU2n7M6XW5j1fdqTdZgI', '3tecdksDTajgP8xxkuDgyJ']",933,9,"['persian alternative', 'persian hip hop', 'persian pop']"
176,5Fq4u0e9OPI4k4R3QC6OZO,Rana Farhan,"['1ft8rFTxoZ1c41DCR1tr1T', '1Ztcq0hkmzT4gWfmWZx3wu', '7f8OibY3PULjl3LFgONPXC', '42o3S5oDd4Q4YyMNRmN5oS', '4kC0KjDKDzan8PsIglvzio']",3258,15,"['classic persian pop', 'persian alternative']"
177,1Z9AMFrgGmPJAqLqVTzrHZ,Marjan,"['5fDiPm7RFIZx73fNwnLOxR', '5b1CDxqOGnXr5M1DUn2XQh', '0cuFX3PhgtIqQDKPLCL854', '0FYkbjit3zaFIN4kvVUdGW', '2jvB5M73tBZlWybPmxIaw7']",2194,30,['classic persian pop']
178,42SXWPm6yVlwZQKfmZGoIb,Ahmad Pejman,"['2NzB7sjEg2k46XhFXeYi2v', '129o0b0q8hAgjrd7jDrbhP', '61ZXD1o7fJ7DrwLXMzt50Y', '5Uj3HYkiz1cn32IPHMqhOy', '5sarhkyrBmQFnOJe2HrMBH']",1093,9,['persian traditional']
179,61ZXD1o7fJ7DrwLXMzt50Y,Majid Entezami,"['42SXWPm6yVlwZQKfmZGoIb', '2NzB7sjEg2k46XhFXeYi2v', '5tJdqzQYWhaBSWzGVhqGUX', '5Uj3HYkiz1cn32IPHMqhOy', '129o0b0q8hAgjrd7jDrbhP']",691,9,['persian traditional']
180,3NMQEyYaKVKd0ZBVJwyAwS,Bahram Nouraei,"['0u4qrFczDmAsJesHPgbnru', '3QNGoF6VzVNnkpjJDT3NHq', '5y33cZ1Lo1YVUjraV880Lb', '2SFwcduI9cdZsG6UxnBm3C', '1gNqCEatbX4cKskpTzyAsI']",5579,17,['persian hip hop']
181,2B4DnBz9uzJN5nPgLEHCt7,Sohrab Mj,"['5y33cZ1Lo1YVUjraV880Lb', '5vVveQB8n4kETe67waTS3t', '2SFwcduI9cdZsG6UxnBm3C', '4uGBJ4gqsK7NAUb3DKTL7Q', '3tecdksDTajgP8xxkuDgyJ']",3036,24,['persian hip hop']
182,47rRBKkfnGlmXw8AztRvYf,Parviz Meshkatian,"['1Hf2M5agx5UUq70iTJMB04', '129o0b0q8hAgjrd7jDrbhP', '5Uj3HYkiz1cn32IPHMqhOy', '55eAm6u8p3FNbnOMlL0tfy', '5lkDBB31Xx39oqr9XqmbmY']",3353,19,['persian traditional']
183,2BAb1Ohq2UZYaK5JsYwsL6,Saeed Shayesteh,"['1bVetRIib0DC0OuFKkrB17', '1IU605ta1wAa04gO13wTsT', '0uCPk7Qaa7trIUAo0MarQa', '2rencXwi2bmo5d0P8443Ao', '6FwyjZoydsivQ2ge94HmLP']",2264,21,['classic persian pop']
184,3fdDkhBEDruWRwbxaO9jUL,Ahmad Ebadi,"['0VBhf7JZeqXh9k9fMBjbDL', '1Hf2M5agx5UUq70iTJMB04', '55eAm6u8p3FNbnOMlL0tfy', '5lHrDA7zeOdc9IlQ4uuy2p', '6UJJrrovYZtNDlNXbqoxnD']",541,6,['persian traditional']
185,4s7Z3TRfMsMcMwBbE6iSBV,Ahmad Saeedi,"['5ImecuuoVCZHfMq7Ohe3pY', '0iMvs2xig8hcY8LdFCSHKZ', '4xqposteS5UiLqNIRrHEqm', '1HxhTTLPJlj5uiYSdjVgGU', '05xOq3llEmAYBHDUsgHpi2']",2493,26,['persian pop']
186,6UJJrrovYZtNDlNXbqoxnD,Keyvan Saket,"['3fdDkhBEDruWRwbxaO9jUL', '1Hf2M5agx5UUq70iTJMB04', '0dEXbKWCnr91EGFzeI3mXS', '55eAm6u8p3FNbnOMlL0tfy', '3f2boapgR4BFR5VaWqCeat']",501,5,['persian traditional']
187,159EfTbAauNiYWo4L0n30z,Kamyr,"['0iMvs2xig8hcY8LdFCSHKZ', '0DymMFBnzHFnWU0kosXtsQ', '0T1TzS3WjueMtv79puFaqr', '6a3oGQA11oMCKPqYRcG7Nq', '72482nIO3fujPgLNJQWuCy']",1437,21,['persian pop']
188,1kvuyOm5YCLM6VqzXUR1wP,Fereydoun Asraei,"['3Glr2udz0D2reg29xp4Zta', '5ZJVKcOJZ2liLXcMD8G4fG', '7LVIM96INQRse5bdloKlzM', '12fBANjOYf8IsllhF9fvkR', '5EvLD8ZqQKUQVTORi5z8tm']",1964,22,['persian pop']
189,4xqposteS5UiLqNIRrHEqm,Amin Rostami,"['5ImecuuoVCZHfMq7Ohe3pY', '0iMvs2xig8hcY8LdFCSHKZ', '7kyv6pxakvg25qRWqq9vj7', '4s7Z3TRfMsMcMwBbE6iSBV', '72482nIO3fujPgLNJQWuCy']",2070,22,['persian pop']
190,5Qz3GBP3GBO2h0sNKHyjJ2,Rastak,"['6zhA5Vu3mPLVuSCf3RVtxH', '5VnYfJJCJApPJiPG85ny9C', '4bkJC3QFh36174LdwZbas1', '6jCwWmmC5b4fF2y0OOP6g8', '0dEXbKWCnr91EGFzeI3mXS']",2284,16,['persian traditional']
191,6jCwWmmC5b4fF2y0OOP6g8,Eendo,"['1Ztcq0hkmzT4gWfmWZx3wu', '4besYDIj6c0kONEoL2fFqP', '55zgTrm0JBRzarhIzKaPPf', '1aAvWm4c1RQ2HnxFQYGFKS', '01xUafSGlkbklhhimae66R']",2788,22,"['classic persian pop', 'persian alternative']"
192,7pBXdJN9S9N9nNifjPixET,Tohi,"['3ik1ITmfyz6tnIgodqEHlz', '0LkkLM2M97UEG7hi5mLn3u', '3pox3Tg5r65OlxX2zuNfRe', '5soNWYxH02JzesP081GwEl', '10q6ToQDyMq4fIckvuwXEO']",3649,28,['persian pop']
193,6krYKhItuUgO1cfktfsO20,Alireza Roozegar,"['1OCJdJqPSwRk33D9wOlLN0', '5ImecuuoVCZHfMq7Ohe3pY', '7INpA5aJxfDmYebFzHMcGk', '6jhf7iz6RrJYg6eTJQmGAf', '4s7Z3TRfMsMcMwBbE6iSBV']",549,11,['persian pop']
194,57Pw3FSi1qi2fOY4wKOKjK,Akcent,"['1oiZoULxUJDYGOKMgVefP4', '6RQDTlies3nrNDJwXvbBZT', '1oqThNqOfhev071PvmOwWQ', '0Qz06Kvk8662UwwVMpjYet', '2TOr71R5gmHQNH2xEcYtCu']",49890,48,"['disco polo', 'romanian pop']"
195,1oqThNqOfhev071PvmOwWQ,DJ Project,"['7r5r62YLteBfMwEC7R5Mvq', '1MRQV5l5n4ax84U6CQljVq', '0EzdKL71gSNlSxnAmEQeGV', '5ehzqXnSLerlBOvT6lnQ8l', '72FGvJgYbs0NBeJqECy6cF']",13568,37,"['romanian pop', 'romanian rock']"
196,3XgrqdSU9HUqgm4wHC9mUx,Mohammad Alizadeh,"['7INpA5aJxfDmYebFzHMcGk', '0RijxlHRlHCt8hYWPclQRJ', '7LVIM96INQRse5bdloKlzM', '0iMvs2xig8hcY8LdFCSHKZ', '0Ivc48Y30tpafzyoi2U4OJ']",5900,28,['persian pop']
197,6CwqlS95wmmB4ZWgCtdzUi,Farzad Farzin,"['1tOtb40DeTYQJZPe11zSVx', '0T1TzS3WjueMtv79puFaqr', '0EffwahbVorwsGoVtfovXM', '2qNu2Ys8ePDMvKwixWNdbS', '1bVetRIib0DC0OuFKkrB17']",7041,35,['persian pop']
198,098NN14k4Oa9ZsSO1t3ECk,Karen Homayounfar,"['42SXWPm6yVlwZQKfmZGoIb', '61ZXD1o7fJ7DrwLXMzt50Y', '2NzB7sjEg2k46XhFXeYi2v', '5Uj3HYkiz1cn32IPHMqhOy', '0dEXbKWCnr91EGFzeI3mXS']",1323,14,[]
199,3Dtb6nQCoMLf8iKVtDnSvh,Pouya Bayati,"['5ImecuuoVCZHfMq7Ohe3pY', '1OCJdJqPSwRk33D9wOlLN0', '4xqposteS5UiLqNIRrHEqm', '7INpA5aJxfDmYebFzHMcGk', '1tOtb40DeTYQJZPe11zSVx']",347,10,[]
