,artistId,name,relatedArtists,followers,popularity,genres,indegreeCentrality,eigenCentrality,betweenCentrality,closenessCentrality,pageRank
0,1FEABcMZtFitRlvH8V0UJI,Aref,"['5b1CDxqOGnXr5M1DUn2XQh', '5vGVXwtTLpfUyOxX5nkV0P', '2qNu2Ys8ePDMvKwixWNdbS', '0FYkbjit3zaFIN4kvVUdGW', '4NdEcxTgFXf083ttLRBZOE']",6560,29,['classic persian pop'],5,0.000402019278977,0.0076058214394458205,0.16873144160619827,0.009700009803076224
1,4NdEcxTgFXf083ttLRBZOE,Bijan Mortazavi,"['5b1CDxqOGnXr5M1DUn2XQh', '2jvB5M73tBZlWybPmxIaw7', '0cuFX3PhgtIqQDKPLCL854', '5DKMxoSsZBKkZG22hJHbfq', '5WCHc16VvzVCmBKH70CYfw']",5323,27,['classic persian pop'],13,0.000650328128047,0.016695273599528028,0.17178694054876523,0.022903767417964727
2,2jvB5M73tBZlWybPmxIaw7,Dariush,"['5b1CDxqOGnXr5M1DUn2XQh', '5WCHc16VvzVCmBKH70CYfw', '2IYl0pVatTl6O2d1CQj6GQ', '4NdEcxTgFXf083ttLRBZOE', '3pI1XXzzKOYdYCLWurc2Ky']",21090,36,['classic persian pop'],18,0.000632296310293,0.09284290424244188,0.19316314355822697,0.02851175955563735
3,5b1CDxqOGnXr5M1DUn2XQh,Hayedeh,"['2jvB5M73tBZlWybPmxIaw7', '1FEABcMZtFitRlvH8V0UJI', '4NdEcxTgFXf083ttLRBZOE', '3pI1XXzzKOYdYCLWurc2Ky', '0cuFX3PhgtIqQDKPLCL854']",21280,37,['classic persian pop'],23,0.000913130556746,0.09083663738321242,0.20376637100891723,0.031593828406274886
4,3pI1XXzzKOYdYCLWurc2Ky,Ebi,"['5b1CDxqOGnXr5M1DUn2XQh', '2jvB5M73tBZlWybPmxIaw7', '1xA7r3Y1UGCp3rQMkgFXz4', '4DKaZIByJZluOmixSYIjjk', '2IYl0pVatTl6O2d1CQj6GQ']",35235,39,['classic persian pop'],3,0.000322636157778,0.039507627158756185,0.1683986379738389,0.012761616040731765
5,78j1lyp6JO4xzjQzsjKji6,Marzieh,"['0FYkbjit3zaFIN4kvVUdGW', '2qNu2Ys8ePDMvKwixWNdbS', '7f8OibY3PULjl3LFgONPXC', '2Y2gsVQ9NzlSlQdCgnQ6ug', '5fDiPm7RFIZx73fNwnLOxR']",3858,22,"['classic persian pop', 'persian traditional']",0,-5.40005774728e-18,0.0,0.0,0.0005511524201775143
6,0FYkbjit3zaFIN4kvVUdGW,Alireza Eftekhari,"['5b1CDxqOGnXr5M1DUn2XQh', '2jvB5M73tBZlWybPmxIaw7', '7f8OibY3PULjl3LFgONPXC', '4NdEcxTgFXf083ttLRBZOE', '0cuFX3PhgtIqQDKPLCL854']",3269,25,"['classic persian pop', 'persian traditional']",6,0.000103775934731,0.012617447830523501,0.155515682063272,0.00457718246580376
7,7f8OibY3PULjl3LFgONPXC,Fereidoon Foroughi,"['5b1CDxqOGnXr5M1DUn2XQh', '0FYkbjit3zaFIN4kvVUdGW', '0cuFX3PhgtIqQDKPLCL854', '2qNu2Ys8ePDMvKwixWNdbS', '7159gjWBGZLDBKrhH0gQVB']",3926,25,['classic persian pop'],7,0.000107526022211,0.020113820567408066,0.1563701638328504,0.005275496418302086
8,0cuFX3PhgtIqQDKPLCL854,Viguen,"['5b1CDxqOGnXr5M1DUn2XQh', '5fDiPm7RFIZx73fNwnLOxR', '2qNu2Ys8ePDMvKwixWNdbS', '4NdEcxTgFXf083ttLRBZOE', '7f8OibY3PULjl3LFgONPXC']",5295,29,['classic persian pop'],11,0.000445973521936,0.013416101994626851,0.1690655632727452,0.016002130846101654
9,6XJ5KXl0DaiBPd5xH5x7i5,Houshmand Aghili,"['1grC023GSmH0FTqX3Pwxgw', '1Sz090MImPxme9m9F5zM6x', '7IHTK9lmwhFuuJ2ditvlQr', '25MK2fNxURgal32iaffifr', '5TJxWW696uXFzZYpp9b6nk']",963,13,['classic persian pop'],7,-1.21404609131e-15,0.0056665589799918155,0.03762437810945274,0.0035002746551479644
10,1Sz090MImPxme9m9F5zM6x,Andy & Kouros,"['5TJxWW696uXFzZYpp9b6nk', '69bVyzCRQweGwImywypLRD', '5akOgE7THgqgmt4fAxQkre', '2HGF8MZq8nygoAlDB3BhCP', '6FwyjZoydsivQ2ge94HmLP']",2748,26,['classic persian pop'],2,-2.71816385827e-16,0.006519299246911184,0.027554535017221587,0.0012804381698883324
11,3lDvSMuYmhBK4KhJ9Bryak,Behnam Bani,"['0Ivc48Y30tpafzyoi2U4OJ', '0RijxlHRlHCt8hYWPclQRJ', '3ik1ITmfyz6tnIgodqEHlz', '5soNWYxH02JzesP081GwEl', '1IlwO4YlID1tcb5QgWOiQu']",6723,36,['persian pop'],8,3.76165273319e-09,0.0033499170812603717,0.07681736072352352,0.009519624756051765
12,0RijxlHRlHCt8hYWPclQRJ,Puzzle Band,"['3lDvSMuYmhBK4KhJ9Bryak', '0Ivc48Y30tpafzyoi2U4OJ', '72YzRGDNjyHcUMLtsmJgKN', '1IlwO4YlID1tcb5QgWOiQu', '3ik1ITmfyz6tnIgodqEHlz']",4633,34,['persian pop'],8,4.66736886264e-09,0.058663349917081255,0.08313523764987076,0.009421009281778352
13,4NsjYrMOyuCPXgVjw2V93o,Arash AP,[],825,33,[],0,2.61415513842e-18,0.0,0.0,0.0005511524201775143
14,6a3oGQA11oMCKPqYRcG7Nq,Kamran & Hooman,"['1tOtb40DeTYQJZPe11zSVx', '56m55Jl81jGd7q54U0IAOE', '1gej3rNdgoHFpH0D4Nxupv', '72482nIO3fujPgLNJQWuCy', '1IU605ta1wAa04gO13wTsT']",7809,32,"['classic persian pop', 'persian pop']",2,1.57875857006e-17,0.004636292742636026,0.009950248756218905,0.0008070562970370738
15,1IU605ta1wAa04gO13wTsT,Mehrshad,"['1bVetRIib0DC0OuFKkrB17', '6a3oGQA11oMCKPqYRcG7Nq', '2BAb1Ohq2UZYaK5JsYwsL6', '56m55Jl81jGd7q54U0IAOE', '1tOtb40DeTYQJZPe11zSVx']",1450,26,"['classic persian pop', 'persian pop']",1,1.37356096459e-17,0.00034362501219393224,0.006633499170812603,0.0006964232644775766
16,72482nIO3fujPgLNJQWuCy,Mohsen Yeganeh,"['2IYl0pVatTl6O2d1CQj6GQ', '00J3XSB6tD4SGSFflGseDx', '1tOtb40DeTYQJZPe11zSVx', '3IDPcBP4OoTNvm3b4h46cW', '0iMvs2xig8hcY8LdFCSHKZ']",21732,27,"['classic persian pop', 'persian pop']",11,0.000136217261014,0.15860808971490617,0.1442197794809735,0.012171191360113607
17,3IDPcBP4OoTNvm3b4h46cW,Shadmehr Aghili,"['2IYl0pVatTl6O2d1CQj6GQ', '2jvB5M73tBZlWybPmxIaw7', '72482nIO3fujPgLNJQWuCy', '00J3XSB6tD4SGSFflGseDx', '5b1CDxqOGnXr5M1DUn2XQh']",25785,39,"['classic persian pop', 'persian pop']",9,0.000130520832929,0.02366527815228548,0.15084471634759067,0.010162934245491724
18,2IYl0pVatTl6O2d1CQj6GQ,Mohsen Chavoshi,"['72482nIO3fujPgLNJQWuCy', '00J3XSB6tD4SGSFflGseDx', '2jvB5M73tBZlWybPmxIaw7', '3IDPcBP4OoTNvm3b4h46cW', '4DKaZIByJZluOmixSYIjjk']",23559,40,"['classic persian pop', 'persian pop']",11,0.000319311562775,0.13194991020441832,0.16450502784727616,0.017489681715454505
19,7hQmAXAzWI6D350VTgkKTG,Arash,"['56m55Jl81jGd7q54U0IAOE', '6hGL5amK9JGLOa3PNydScE', '1gej3rNdgoHFpH0D4Nxupv', '6a3oGQA11oMCKPqYRcG7Nq', '57Pw3FSi1qi2fOY4wKOKjK']",47606,50,['persian pop'],0,-2.59816177696e-20,0.0,0.0,0.0005511524201775143
20,6hGL5amK9JGLOa3PNydScE,Mansour,"['4NdEcxTgFXf083ttLRBZOE', '56m55Jl81jGd7q54U0IAOE', '1gej3rNdgoHFpH0D4Nxupv', '5b1CDxqOGnXr5M1DUn2XQh', '3IDPcBP4OoTNvm3b4h46cW']",8749,37,"['classic persian pop', 'persian pop']",3,1.71351328055e-05,0.0047957040195846165,0.11016530251965978,0.0017171903500424212
21,56m55Jl81jGd7q54U0IAOE,Afshin,"['1gej3rNdgoHFpH0D4Nxupv', '5WCHc16VvzVCmBKH70CYfw', '6hGL5amK9JGLOa3PNydScE', '4NdEcxTgFXf083ttLRBZOE', '5DKMxoSsZBKkZG22hJHbfq']",4756,33,"['classic persian pop', 'persian pop']",6,7.04718610246e-05,0.007857814531833174,0.13195998369820144,0.00408557835832324
22,1gej3rNdgoHFpH0D4Nxupv,Black Cats,"['56m55Jl81jGd7q54U0IAOE', '4NdEcxTgFXf083ttLRBZOE', '5DKMxoSsZBKkZG22hJHbfq', '6hGL5amK9JGLOa3PNydScE', '5b1CDxqOGnXr5M1DUn2XQh']",6188,34,['persian pop'],4,1.71351328055e-05,0.0007967869569054819,0.11030763495185572,0.0018403011284056688
23,69bVyzCRQweGwImywypLRD,Susan Roshan,"['5akOgE7THgqgmt4fAxQkre', '2HGF8MZq8nygoAlDB3BhCP', '3Tf5EjUPHi04W0filXAkrG', '0EffwahbVorwsGoVtfovXM', '2Y2gsVQ9NzlSlQdCgnQ6ug']",1276,19,['classic persian pop'],10,0.320683011389,0.008806140653155577,0.1331951785534108,0.019850904538201493
24,6Wv60Ia6xpfZG3WEazWwLo,Shahram Solati,"['0EffwahbVorwsGoVtfovXM', '5coMLgB6HtAg6rf9QVPLPa', '3Tf5EjUPHi04W0filXAkrG', '2Y2gsVQ9NzlSlQdCgnQ6ug', '4CXwPHzJ8f5TxtyrsjbwLl']",3913,27,"['classic persian pop', 'persian pop']",1,0.0669412336368,0.03224512686123749,0.11398946522394701,0.00433581541916818
25,5coMLgB6HtAg6rf9QVPLPa,Pouya,"['0EffwahbVorwsGoVtfovXM', '3Tf5EjUPHi04W0filXAkrG', '5akOgE7THgqgmt4fAxQkre', '6Wv60Ia6xpfZG3WEazWwLo', '2Y2gsVQ9NzlSlQdCgnQ6ug']",1239,38,"['classic persian pop', 'persian pop']",8,0.342251227859,0.03270372671909108,0.13792909443091492,0.021037030413517958
26,2Y2gsVQ9NzlSlQdCgnQ6ug,Shahrokh,"['0EffwahbVorwsGoVtfovXM', '3Tf5EjUPHi04W0filXAkrG', '69bVyzCRQweGwImywypLRD', '59N9f8b5zCYSCyov5lxBhm', '5coMLgB6HtAg6rf9QVPLPa']",1300,17,['classic persian pop'],10,0.377005069344,0.004969749126268003,0.13927913450691082,0.022341633406162287
27,0EffwahbVorwsGoVtfovXM,Hengameh,"['3Tf5EjUPHi04W0filXAkrG', '5coMLgB6HtAg6rf9QVPLPa', '2Y2gsVQ9NzlSlQdCgnQ6ug', '5akOgE7THgqgmt4fAxQkre', '59N9f8b5zCYSCyov5lxBhm']",3208,27,"['classic persian pop', 'persian pop']",16,0.454020151173,0.01678092158713261,0.16675412002487564,0.03038323269250771
28,3Tf5EjUPHi04W0filXAkrG,Nooshafarin,"['0EffwahbVorwsGoVtfovXM', '5akOgE7THgqgmt4fAxQkre', '5coMLgB6HtAg6rf9QVPLPa', '69bVyzCRQweGwImywypLRD', '59N9f8b5zCYSCyov5lxBhm']",1644,20,['classic persian pop'],16,0.449414666235,0.016295033497031434,0.15988410009875714,0.02885781263611487
29,59N9f8b5zCYSCyov5lxBhm,Homeyra,"['3Tf5EjUPHi04W0filXAkrG', '0EffwahbVorwsGoVtfovXM', '69bVyzCRQweGwImywypLRD', '2Y2gsVQ9NzlSlQdCgnQ6ug', '5akOgE7THgqgmt4fAxQkre']",4317,22,['classic persian pop'],3,0.250442419602,0.0004653241013205896,0.13595240358715976,0.015228848161199939
30,0LkkLM2M97UEG7hi5mLn3u,Sasy,"['0RijxlHRlHCt8hYWPclQRJ', '3ik1ITmfyz6tnIgodqEHlz', '7pBXdJN9S9N9nNifjPixET', '3lDvSMuYmhBK4KhJ9Bryak', '3pox3Tg5r65OlxX2zuNfRe']",5334,34,['persian pop'],1,3.1857333588e-18,9.950248756218905e-05,0.004975124378109453,0.0008696114399662928
31,5akOgE7THgqgmt4fAxQkre,Faramarz Assef,"['3Tf5EjUPHi04W0filXAkrG', '69bVyzCRQweGwImywypLRD', '0EffwahbVorwsGoVtfovXM', '5coMLgB6HtAg6rf9QVPLPa', '2Y2gsVQ9NzlSlQdCgnQ6ug']",1515,23,['classic persian pop'],11,0.388836670814,0.005991402182183567,0.13973504002084505,0.023762063098254915
32,5soNWYxH02JzesP081GwEl,Macan Band,"['2uae2HQyeF6uSsV7u1cUF2', '67kWRUuakWQ7zpgUCLWMCH', '3ik1ITmfyz6tnIgodqEHlz', '7gZ2ehh4RMlxJia3aVmoLM', '10q6ToQDyMq4fIckvuwXEO']",5238,33,['persian pop'],14,7.03719373052e-09,0.00984991708126038,0.07139191932713115,0.019088651559519096
33,7mTfF5lvdMyiWciH81cNBq,O-Hum,"['4eVyI1yiHoRjVrxt5y7gGL', '6V6v6VpsjWE28oeoAnqPhg', '1ft8rFTxoZ1c41DCR1tr1T', '42o3S5oDd4Q4YyMNRmN5oS', '4besYDIj6c0kONEoL2fFqP']",2721,13,['persian alternative'],2,-1.89288813636e-17,0.0007767709073679222,0.009950248756218905,0.0008957224667857549
34,1HxhTTLPJlj5uiYSdjVgGU,Alishmas,"['05xOq3llEmAYBHDUsgHpi2', '4s7Z3TRfMsMcMwBbE6iSBV', '0DymMFBnzHFnWU0kosXtsQ', '0iMvs2xig8hcY8LdFCSHKZ', '0mHI0Oi13X1Qi5ubUxYeUe']",4202,33,['persian pop'],2,6.33337432796e-08,0.0981332504353027,0.08289136840071487,0.001556929691299804
35,0mHI0Oi13X1Qi5ubUxYeUe,Armin 2AFM,"['2ZC6H1OYbKsTwyWP2oipVD', '7kyv6pxakvg25qRWqq9vj7', '0LkkLM2M97UEG7hi5mLn3u', '1HxhTTLPJlj5uiYSdjVgGU', '0iMvs2xig8hcY8LdFCSHKZ']",4632,21,"['persian hip hop', 'persian pop']",1,1.23875053445e-08,0.0,0.07385649606638091,0.0008314064254607539
36,0iMvs2xig8hcY8LdFCSHKZ,Babak Jahanbakhsh,"['72482nIO3fujPgLNJQWuCy', '21bYSNzWliPW8JOHPMzx7X', '1tOtb40DeTYQJZPe11zSVx', '0T1TzS3WjueMtv79puFaqr', '5ImecuuoVCZHfMq7Ohe3pY']",6096,32,['persian pop'],10,3.21246193066e-05,0.18950982146829698,0.1266737528972349,0.006499450267632858
37,0T1TzS3WjueMtv79puFaqr,Behnam Safavi,"['1tOtb40DeTYQJZPe11zSVx', '00J3XSB6tD4SGSFflGseDx', '6CwqlS95wmmB4ZWgCtdzUi', '0iMvs2xig8hcY8LdFCSHKZ', '72482nIO3fujPgLNJQWuCy']",2564,24,['classic persian pop'],3,1.98098553868e-05,0.014992374001636515,0.10752910510420192,0.0032946580666838865
38,21bYSNzWliPW8JOHPMzx7X,Shahram Shokoohi,"['0iMvs2xig8hcY8LdFCSHKZ', '2IYl0pVatTl6O2d1CQj6GQ', '5ZJVKcOJZ2liLXcMD8G4fG', '00J3XSB6tD4SGSFflGseDx', '0T1TzS3WjueMtv79puFaqr']",3295,26,"['classic persian pop', 'persian pop']",3,6.53336771525e-06,0.11656418792653662,0.1127848209415275,0.002153766589156995
39,1DqM4ENIX53mvRakSSjaTj,Mohammad Esfahani,"['2jvB5M73tBZlWybPmxIaw7', '00J3XSB6tD4SGSFflGseDx', '2IYl0pVatTl6O2d1CQj6GQ', '3IDPcBP4OoTNvm3b4h46cW', '5b1CDxqOGnXr5M1DUn2XQh']",5063,25,['classic persian pop'],0,2.34234677131e-18,0.0,0.0,0.0005511524201775143
40,5DKMxoSsZBKkZG22hJHbfq,Leila Forouhar,"['4NdEcxTgFXf083ttLRBZOE', '2qNu2Ys8ePDMvKwixWNdbS', '5b1CDxqOGnXr5M1DUn2XQh', '0cuFX3PhgtIqQDKPLCL854', '0EffwahbVorwsGoVtfovXM']",8611,33,['classic persian pop'],5,0.000144333411779,0.007560807007910483,0.13815228066785812,0.005964870191989555
41,00J3XSB6tD4SGSFflGseDx,Reza Sadeghi,"['2IYl0pVatTl6O2d1CQj6GQ', '1tOtb40DeTYQJZPe11zSVx', '2jvB5M73tBZlWybPmxIaw7', '72482nIO3fujPgLNJQWuCy', '3IDPcBP4OoTNvm3b4h46cW']",10045,33,['persian pop'],8,0.000132027192764,0.006113581447457846,0.14112084207063855,0.010103685103232635
42,1xA7r3Y1UGCp3rQMkgFXz4,Faramarz Aslani,"['2jvB5M73tBZlWybPmxIaw7', '5b1CDxqOGnXr5M1DUn2XQh', '4DKaZIByJZluOmixSYIjjk', '5WCHc16VvzVCmBKH70CYfw', '3pI1XXzzKOYdYCLWurc2Ky']",10745,31,['classic persian pop'],7,0.000104118788936,0.012817225040089034,0.16546145242778357,0.007714202332170537
43,25MK2fNxURgal32iaffifr,Golpa,"['1grC023GSmH0FTqX3Pwxgw', '6XJ5KXl0DaiBPd5xH5x7i5', '7IHTK9lmwhFuuJ2ditvlQr', '6AjwgAZIBM1QvBEc6tioCz', '0uCPk7Qaa7trIUAo0MarQa']",1262,12,['classic persian pop'],4,-1.00141807043e-15,0.003797559819947881,0.02617348042396712,0.002736288400786495
44,6AjwgAZIBM1QvBEc6tioCz,Dariush Rafiee,"['7IHTK9lmwhFuuJ2ditvlQr', '1grC023GSmH0FTqX3Pwxgw', '1BFRK4Cr65UGvumFsJcntf', '25MK2fNxURgal32iaffifr', '6XJ5KXl0DaiBPd5xH5x7i5']",464,3,"['classic persian pop', 'persian traditional']",4,-9.66521731998e-16,7.669983416252073e-05,0.020758277577629096,0.0025236266407793794
45,7IHTK9lmwhFuuJ2ditvlQr,Kouros Sarhangzadeh,"['6AjwgAZIBM1QvBEc6tioCz', '1grC023GSmH0FTqX3Pwxgw', '6XJ5KXl0DaiBPd5xH5x7i5', '25MK2fNxURgal32iaffifr', '1BFRK4Cr65UGvumFsJcntf']",558,5,"['classic persian pop', 'persian traditional']",5,-1.1931462693e-15,0.00039593698175787736,0.02736318407960199,0.0030575865371368694
46,1grC023GSmH0FTqX3Pwxgw,Elaheh,"['6XJ5KXl0DaiBPd5xH5x7i5', '25MK2fNxURgal32iaffifr', '7IHTK9lmwhFuuJ2ditvlQr', '6AjwgAZIBM1QvBEc6tioCz', '1BFRK4Cr65UGvumFsJcntf']",1336,12,"['classic persian pop', 'persian traditional']",5,-1.14540833272e-15,0.00039593698175787736,0.02736318407960199,0.0030575865371368694
47,1BFRK4Cr65UGvumFsJcntf,Parvin,"['1grC023GSmH0FTqX3Pwxgw', '7IHTK9lmwhFuuJ2ditvlQr', '6XJ5KXl0DaiBPd5xH5x7i5', '6AjwgAZIBM1QvBEc6tioCz', '7DCmQW885aZQY5fhN1C2PD']",620,12,['classic persian pop'],3,-7.59854869187e-16,0.0030184790334044065,0.020066334991708124,0.002106210538046421
48,7DCmQW885aZQY5fhN1C2PD,Pouran,"['69bVyzCRQweGwImywypLRD', '5akOgE7THgqgmt4fAxQkre', '05owR1ds02eaZgCrtfATRF', '5TJxWW696uXFzZYpp9b6nk', '3Tf5EjUPHi04W0filXAkrG']",1269,15,['classic persian pop'],3,-1.72857817254e-16,0.006024924080894231,0.023153463451970915,0.0013256679153009485
49,05owR1ds02eaZgCrtfATRF,Fereshteh,"['7DCmQW885aZQY5fhN1C2PD', '7MYldHzLrKMxUl7AcNTmHO', '5TJxWW696uXFzZYpp9b6nk', '5fDiPm7RFIZx73fNwnLOxR', '230YvsAgS4Uu6leCUUc6Bp']",482,8,['classic persian pop'],3,-2.86987934442e-17,0.011211668928086838,0.01824212271973466,0.0011993818720033556
50,6G9faozjdy9wpfIKhDMRBR,Mohammad Motamedi,"['68Mz4oTRLkgxPgdkmfujeL', '3RGDkgJ2rGLnm4JqoEvdVT', '55eAm6u8p3FNbnOMlL0tfy', '0dEXbKWCnr91EGFzeI3mXS', '7gDiOICKaYVFJugoruVGlS']",1498,12,"['persian neo-traditional', 'persian traditional']",1,-1.03486157909e-17,0.00022388059701492538,0.004975124378109453,0.0007036608432511247
51,7gDiOICKaYVFJugoruVGlS,Farhang Sharif,"['55eAm6u8p3FNbnOMlL0tfy', '5lHrDA7zeOdc9IlQ4uuy2p', '0VBhf7JZeqXh9k9fMBjbDL', '3f2boapgR4BFR5VaWqCeat', '1jnMluSEN8aWUWRSUxvhKT']",484,36,['persian traditional'],1,-5.64336240109e-18,0.0001616915422885572,0.006633499170812603,0.0006778119798046373
52,5lHrDA7zeOdc9IlQ4uuy2p,Aliasghar Bahari,"['55eAm6u8p3FNbnOMlL0tfy', '3fdDkhBEDruWRwbxaO9jUL', '3UVVoDGplRkSLfvwMkXxpr', '7gDiOICKaYVFJugoruVGlS', '0VBhf7JZeqXh9k9fMBjbDL']",207,4,['persian traditional'],2,3.06747983222e-17,0.0005970149253731343,0.023110255175734232,0.0023874720425660608
53,3UVVoDGplRkSLfvwMkXxpr,Morteza Mahjoubi,"['55eAm6u8p3FNbnOMlL0tfy', '0VBhf7JZeqXh9k9fMBjbDL', '68LXHEi8ZkAtcXKvO5JPP9', '5lHrDA7zeOdc9IlQ4uuy2p', '6tvcFc7mKCBbhQp7N673sY']",185,2,['persian traditional'],1,3.30344870271e-17,0.0003233830845771144,0.019109000452284034,0.0026999575873753487
54,6tvcFc7mKCBbhQp7N673sY,Hassan Kassa'i,"['0VBhf7JZeqXh9k9fMBjbDL', '55eAm6u8p3FNbnOMlL0tfy', '2ktshnN1R8gPr4BxyBRqRg', '68LXHEi8ZkAtcXKvO5JPP9', '1jnMluSEN8aWUWRSUxvhKT']",122,0,[],1,-1.34410636719e-17,0.0,0.016812489277749185,0.002981206194666908
55,5fDiPm7RFIZx73fNwnLOxR,Ramesh,"['0cuFX3PhgtIqQDKPLCL854', '1Z9AMFrgGmPJAqLqVTzrHZ', '2qNu2Ys8ePDMvKwixWNdbS', '5vGVXwtTLpfUyOxX5nkV0P', '1FEABcMZtFitRlvH8V0UJI']",1988,20,['classic persian pop'],4,8.72283728958e-05,0.017753114008711025,0.13882619423209158,0.003977407869126927
56,5WCHc16VvzVCmBKH70CYfw,Moein,"['2jvB5M73tBZlWybPmxIaw7', '5b1CDxqOGnXr5M1DUn2XQh', '4NdEcxTgFXf083ttLRBZOE', '56m55Jl81jGd7q54U0IAOE', '4DKaZIByJZluOmixSYIjjk']",22097,39,['classic persian pop'],6,0.000326032042173,0.01056127975885612,0.16200779782302907,0.013845637569494952
57,2rencXwi2bmo5d0P8443Ao,Shahyad,"['0EffwahbVorwsGoVtfovXM', '5coMLgB6HtAg6rf9QVPLPa', '3Tf5EjUPHi04W0filXAkrG', '6FwyjZoydsivQ2ge94HmLP', '5akOgE7THgqgmt4fAxQkre']",1777,23,"['classic persian pop', 'persian pop']",2,1.48227026005e-07,0.011440387331914985,0.08209433601224646,0.0017318593631684854
58,4DKaZIByJZluOmixSYIjjk,Siavash Ghomayshi,"['2jvB5M73tBZlWybPmxIaw7', '1xA7r3Y1UGCp3rQMkgFXz4', '5WCHc16VvzVCmBKH70CYfw', '2IYl0pVatTl6O2d1CQj6GQ', '5b1CDxqOGnXr5M1DUn2XQh']",25345,36,['classic persian pop'],4,0.000209692745523,0.004178907968340044,0.1592875176357021,0.009879367870125147
59,3meYUCHyh5OayViOog5daw,Shahram Nazeri,"['45EXJ1cQAEt8k2zIYHyLBm', '129o0b0q8hAgjrd7jDrbhP', '5Uj3HYkiz1cn32IPHMqhOy', '4eVyI1yiHoRjVrxt5y7gGL', '5C43FNPZAzBXLGWgkYWbs1']",9197,26,"['classic persian pop', 'persian traditional']",8,1.71973020775e-10,0.021234952106906454,0.06507477854629293,0.009987582056005554
60,129o0b0q8hAgjrd7jDrbhP,Hossein Alizadeh,"['5Uj3HYkiz1cn32IPHMqhOy', '2NzB7sjEg2k46XhFXeYi2v', '5sarhkyrBmQFnOJe2HrMBH', '3meYUCHyh5OayViOog5daw', '5C43FNPZAzBXLGWgkYWbs1']",7997,26,"['persian neo-traditional', 'persian traditional']",7,1.2972472326e-10,0.004624654487364035,0.060680959099315084,0.010130922709852276
61,5C43FNPZAzBXLGWgkYWbs1,Mohammad-Reza Shajarian,"['129o0b0q8hAgjrd7jDrbhP', '5Uj3HYkiz1cn32IPHMqhOy', '3meYUCHyh5OayViOog5daw', '27dwAgbXmxxoow8Mpn7aQz', '5sarhkyrBmQFnOJe2HrMBH']",12499,25,"['classic persian pop', 'persian traditional']",4,1.00470696319e-10,0.007221975205043025,0.060125429192067835,0.0072310414927835905
62,45EXJ1cQAEt8k2zIYHyLBm,Mohammadreza Shajarian,"['3meYUCHyh5OayViOog5daw', '5Uj3HYkiz1cn32IPHMqhOy', '129o0b0q8hAgjrd7jDrbhP', '4eVyI1yiHoRjVrxt5y7gGL', '1xA7r3Y1UGCp3rQMkgFXz4']",4278,23,"['classic persian pop', 'persian traditional']",5,7.65219580105e-11,0.012658462056157397,0.060337886539036274,0.006362452616058961
63,5Uj3HYkiz1cn32IPHMqhOy,Homayoun Shajarian,"['45EXJ1cQAEt8k2zIYHyLBm', '129o0b0q8hAgjrd7jDrbhP', '3meYUCHyh5OayViOog5daw', '5tJdqzQYWhaBSWzGVhqGUX', '5C43FNPZAzBXLGWgkYWbs1']",18517,34,"['classic persian pop', 'persian traditional']",11,1.66955058688e-10,0.012590349780954146,0.06155595490464046,0.012384976352220132
64,5vGVXwtTLpfUyOxX5nkV0P,Mahasti,"['1FEABcMZtFitRlvH8V0UJI', '2qNu2Ys8ePDMvKwixWNdbS', '5b1CDxqOGnXr5M1DUn2XQh', '4NdEcxTgFXf083ttLRBZOE', '0cuFX3PhgtIqQDKPLCL854']",11925,30,"['classic persian pop', 'persian traditional']",4,0.000252637040319,0.002726745062565957,0.14594548624399373,0.004879654051620742
65,2qNu2Ys8ePDMvKwixWNdbS,Martik,"['1FEABcMZtFitRlvH8V0UJI', '5vGVXwtTLpfUyOxX5nkV0P', '0EffwahbVorwsGoVtfovXM', '5b1CDxqOGnXr5M1DUn2XQh', '3Tf5EjUPHi04W0filXAkrG']",4216,30,['classic persian pop'],12,0.000802412697878,0.08991402126792937,0.16940101081892128,0.009676001186085281
66,26HwS0IKEmqlwyIuv0LbXs,Shohreh,"['0EffwahbVorwsGoVtfovXM', '3Tf5EjUPHi04W0filXAkrG', '2qNu2Ys8ePDMvKwixWNdbS', '5coMLgB6HtAg6rf9QVPLPa', '5DKMxoSsZBKkZG22hJHbfq']",4465,26,"['classic persian pop', 'persian pop']",0,1.96612439069e-18,0.0,0.0,0.0005511524201775143
67,5IM6obklIrgzzE43vokYvC,Shahram Shabpareh,"['5b1CDxqOGnXr5M1DUn2XQh', '2qNu2Ys8ePDMvKwixWNdbS', '0cuFX3PhgtIqQDKPLCL854', '2jvB5M73tBZlWybPmxIaw7', '5DKMxoSsZBKkZG22hJHbfq']",7447,30,['classic persian pop'],0,3.93835231166e-18,0.0,0.0,0.0005511524201775143
68,0mIgp7Tc3UZNnQVGrPwBG4,Hojat Ashraf Zadeh,"['5soNWYxH02JzesP081GwEl', '5ZJVKcOJZ2liLXcMD8G4fG', '2IYl0pVatTl6O2d1CQj6GQ', '0Ivc48Y30tpafzyoi2U4OJ', '1IlwO4YlID1tcb5QgWOiQu']",815,17,[],0,-4.616282358e-18,0.0,0.0,0.0005511524201775143
69,0Ivc48Y30tpafzyoi2U4OJ,Hoorosh Band,"['3lDvSMuYmhBK4KhJ9Bryak', '1IlwO4YlID1tcb5QgWOiQu', '3ik1ITmfyz6tnIgodqEHlz', '72YzRGDNjyHcUMLtsmJgKN', '0RijxlHRlHCt8hYWPclQRJ']",4260,33,['persian pop'],7,3.76165272643e-09,0.0009203980099502487,0.07677105731139361,0.009365953012845886
70,3ik1ITmfyz6tnIgodqEHlz,Masoud Sadeghloo,"['5soNWYxH02JzesP081GwEl', '2uae2HQyeF6uSsV7u1cUF2', '0Ivc48Y30tpafzyoi2U4OJ', '10q6ToQDyMq4fIckvuwXEO', '3lDvSMuYmhBK4KhJ9Bryak']",3823,30,['persian pop'],12,6.30383516371e-09,0.027275290215588756,0.07723661860497393,0.018100157403589265
71,10q6ToQDyMq4fIckvuwXEO,Sina Shabankhani,"['2uae2HQyeF6uSsV7u1cUF2', '67kWRUuakWQ7zpgUCLWMCH', '3ik1ITmfyz6tnIgodqEHlz', '5soNWYxH02JzesP081GwEl', '6OPRYriCGklH6tE0vk5IM8']",1964,26,['persian pop'],4,4.69187860803e-09,0.012165008291873945,0.07095442010005683,0.012673466387580153
72,67kWRUuakWQ7zpgUCLWMCH,Shahab Mozaffari,"['2uae2HQyeF6uSsV7u1cUF2', '5soNWYxH02JzesP081GwEl', '10q6ToQDyMq4fIckvuwXEO', '5zm75fVbO21EITQVKqDXAl', '6OPRYriCGklH6tE0vk5IM8']",2918,29,['persian pop'],8,4.69174586446e-09,0.004805970149253731,0.06582076696620258,0.01384949512353602
73,5zm75fVbO21EITQVKqDXAl,Ashvan,"['67kWRUuakWQ7zpgUCLWMCH', '3ik1ITmfyz6tnIgodqEHlz', '2uae2HQyeF6uSsV7u1cUF2', '10q6ToQDyMq4fIckvuwXEO', '5soNWYxH02JzesP081GwEl']",1633,14,['persian pop'],1,9.17662928771e-10,0.0,0.06082291503323878,0.003043922162443897
74,0RN2n6EdV90CQmfhfxqv0f,Tm bax,"['05xOq3llEmAYBHDUsgHpi2', '22ZtqI4yLm6eyx606HmbtE', '4tXhsMzLWZ1WL952nYBPTL', '72482nIO3fujPgLNJQWuCy', '0iMvs2xig8hcY8LdFCSHKZ']",6731,36,"['classic persian pop', 'persian pop']",3,2.88111535815e-09,0.1043674702099348,0.07868950179975698,0.001750225842120864
75,4tXhsMzLWZ1WL952nYBPTL,Zedbazi,"['2X90kCLyxyPeJ5nynJGbvT', '0RN2n6EdV90CQmfhfxqv0f', '22ZtqI4yLm6eyx606HmbtE', '0tctijgZruddzQ8FCgvDj2', '1W5u8Bz2yimyuuI8QNYsNO']",15982,32,"['classic persian pop', 'persian alternative', 'persian hip hop', 'persian pop']",5,8.96016498681e-10,0.14954206555136026,0.07650368230531929,0.003062792041701689
76,22ZtqI4yLm6eyx606HmbtE,Xaniar,"['0iMvs2xig8hcY8LdFCSHKZ', '4tXhsMzLWZ1WL952nYBPTL', '0RN2n6EdV90CQmfhfxqv0f', '05xOq3llEmAYBHDUsgHpi2', '21bYSNzWliPW8JOHPMzx7X']",3727,14,['persian pop'],2,7.38772766707e-10,0.028752585177315982,0.07328593086071787,0.001365106745295198
77,05xOq3llEmAYBHDUsgHpi2,Sami Beigi,"['0RN2n6EdV90CQmfhfxqv0f', '0iMvs2xig8hcY8LdFCSHKZ', '22ZtqI4yLm6eyx606HmbtE', '1HxhTTLPJlj5uiYSdjVgGU', '0DymMFBnzHFnWU0kosXtsQ']",11151,36,['persian pop'],3,1.30955226173e-08,0.09119599288908993,0.08085048243630334,0.0013397092694083178
78,1tOtb40DeTYQJZPe11zSVx,Hamid Askari,"['00J3XSB6tD4SGSFflGseDx', '0T1TzS3WjueMtv79puFaqr', '72482nIO3fujPgLNJQWuCy', '2IYl0pVatTl6O2d1CQj6GQ', '3IDPcBP4OoTNvm3b4h46cW']",4815,26,"['classic persian pop', 'persian pop']",6,6.26240922215e-05,0.006899092010836674,0.12093216636364919,0.006586758302194767
79,5dOnuILcq3uFLKaBMIFokr,Farhad Mehrad,"['1xA7r3Y1UGCp3rQMkgFXz4', '2jvB5M73tBZlWybPmxIaw7', '0cuFX3PhgtIqQDKPLCL854', '47w4VyWVolZiXYnFt0wqr9', '1qJBncZ8HMjYqOtM8H6zfJ']",4285,12,"['classic persian pop', 'persian alternative']",0,-3.96617374938e-18,0.0,0.0,0.0005511524201775143
80,1yPzb9mqugowOfUs2vIOgL,Erfan,"['1PgsdK1Ll4oK28g6KLPOg1', '2B4DnBz9uzJN5nPgLEHCt7', '5y33cZ1Lo1YVUjraV880Lb', '3tecdksDTajgP8xxkuDgyJ', '5vVveQB8n4kETe67waTS3t']",6818,30,['persian hip hop'],1,-8.70084391334e-18,0.00013681592039800993,0.004975124378109453,0.0006751622788909444
81,0L2xFm9NOT8alkoXmVl8BL,Abbas Ghaderi,"['0uCPk7Qaa7trIUAo0MarQa', '1Sz090MImPxme9m9F5zM6x', '5TJxWW696uXFzZYpp9b6nk', '4CXwPHzJ8f5TxtyrsjbwLl', '6FwyjZoydsivQ2ge94HmLP']",1039,18,['classic persian pop'],0,6.5793392758e-18,0.0,0.0,0.0005511524201775143
82,6FwyjZoydsivQ2ge94HmLP,Siavash,"['3Tf5EjUPHi04W0filXAkrG', '4CXwPHzJ8f5TxtyrsjbwLl', '0EffwahbVorwsGoVtfovXM', '2qNu2Ys8ePDMvKwixWNdbS', '69bVyzCRQweGwImywypLRD']",3312,22,['classic persian pop'],5,0.00266278713375,0.0660481116719264,0.09746359526568074,0.0018528948013253137
83,6vErKE6TNXsUsVuVre8JW3,Koroush Yaghmaee,"['2jvB5M73tBZlWybPmxIaw7', '0cuFX3PhgtIqQDKPLCL854', '5b1CDxqOGnXr5M1DUn2XQh', '6hKJvRsiSIyjIBv9usxkhh', '7f8OibY3PULjl3LFgONPXC']",35,0,['classic persian pop'],0,-3.8395473377e-18,0.0,0.0,0.0005511524201775143
84,2mGkJsyXC8byI83UHSO4w1,Sogand,"['5y33cZ1Lo1YVUjraV880Lb', '2SFwcduI9cdZsG6UxnBm3C', '4uGBJ4gqsK7NAUb3DKTL7Q', '7mGDv3CYlPghTIWzE6tOpv', '0jCVTRvQkILbJvpviTpvd1']",7304,26,"['persian alternative', 'persian hip hop']",0,6.31207285235e-18,0.0,0.0,0.0005511524201775143
85,5y33cZ1Lo1YVUjraV880Lb,Bozorg,"['4uGBJ4gqsK7NAUb3DKTL7Q', '2SFwcduI9cdZsG6UxnBm3C', '7mGDv3CYlPghTIWzE6tOpv', '0jCVTRvQkILbJvpviTpvd1', '0u4qrFczDmAsJesHPgbnru']",3255,21,['persian hip hop'],8,3.48877380835e-10,0.000863184079601989,0.07178861948492059,0.013413299016649732
86,4uGBJ4gqsK7NAUb3DKTL7Q,Wantons,"['5y33cZ1Lo1YVUjraV880Lb', '2SFwcduI9cdZsG6UxnBm3C', '7mGDv3CYlPghTIWzE6tOpv', '0jCVTRvQkILbJvpviTpvd1', '0u4qrFczDmAsJesHPgbnru']",2782,17,['persian hip hop'],8,3.61645041502e-10,0.000745024875621889,0.07174135903759674,0.01379285006626883
87,0tctijgZruddzQ8FCgvDj2,Reza Yazdani,"['6V6v6VpsjWE28oeoAnqPhg', '1W5u8Bz2yimyuuI8QNYsNO', '5F3JQSbuDo4pWGLC2UTLTI', '4tXhsMzLWZ1WL952nYBPTL', '4eVyI1yiHoRjVrxt5y7gGL']",4426,19,['classic persian pop'],8,4.82106298168e-10,0.09043326331316393,0.07411294223327805,0.007392879974138785
88,7MYldHzLrKMxUl7AcNTmHO,Giti,"['7DCmQW885aZQY5fhN1C2PD', '05owR1ds02eaZgCrtfATRF', '5TJxWW696uXFzZYpp9b6nk', '6XJ5KXl0DaiBPd5xH5x7i5', '3Tf5EjUPHi04W0filXAkrG']",654,11,['classic persian pop'],2,9.81911877552e-18,0.001,0.014333096422648663,0.0009971578757737918
89,5TJxWW696uXFzZYpp9b6nk,Farzin,"['69bVyzCRQweGwImywypLRD', '5akOgE7THgqgmt4fAxQkre', '2HGF8MZq8nygoAlDB3BhCP', '2Y2gsVQ9NzlSlQdCgnQ6ug', '5dXcd9n6xLT4yIgnmevz37']",1233,15,['classic persian pop'],7,0.0627226862648,0.0026117931267185,0.11398946522394701,0.005121011768986308
90,2X90kCLyxyPeJ5nynJGbvT,Hichkas,"['4tXhsMzLWZ1WL952nYBPTL', '0u4qrFczDmAsJesHPgbnru', '0tctijgZruddzQ8FCgvDj2', '7AJU2n7M6XW5j1fdqTdZgI', '1W5u8Bz2yimyuuI8QNYsNO']",11814,26,"['classic persian pop', 'conscious hip hop', 'persian hip hop']",1,1.75252736205e-10,0.04527363184079602,0.06852175718518164,0.0011025482539264303
91,0u4qrFczDmAsJesHPgbnru,Reza Pishro,"['7mGDv3CYlPghTIWzE6tOpv', '2SFwcduI9cdZsG6UxnBm3C', '5y33cZ1Lo1YVUjraV880Lb', '4uGBJ4gqsK7NAUb3DKTL7Q', '3QNGoF6VzVNnkpjJDT3NHq']",4787,21,['persian hip hop'],10,3.99025404533e-10,0.023189054726368105,0.07868240027300322,0.014512773850383184
92,2SFwcduI9cdZsG6UxnBm3C,Sepehr Khalse,"['4uGBJ4gqsK7NAUb3DKTL7Q', '5y33cZ1Lo1YVUjraV880Lb', '7mGDv3CYlPghTIWzE6tOpv', '0u4qrFczDmAsJesHPgbnru', '0jCVTRvQkILbJvpviTpvd1']",3534,28,['persian hip hop'],9,3.64142345531e-10,0.000894278606965173,0.07178861948492059,0.014647499418012652
93,7mGDv3CYlPghTIWzE6tOpv,Gdaal,"['4uGBJ4gqsK7NAUb3DKTL7Q', '2SFwcduI9cdZsG6UxnBm3C', '5y33cZ1Lo1YVUjraV880Lb', '0jCVTRvQkILbJvpviTpvd1', '0u4qrFczDmAsJesHPgbnru']",2588,22,['persian hip hop'],7,3.58786088634e-10,0.0006873963515754545,0.07159995031413235,0.01332442911501674
94,4eVyI1yiHoRjVrxt5y7gGL,Mohsen Namjoo,"['42o3S5oDd4Q4YyMNRmN5oS', '0tctijgZruddzQ8FCgvDj2', '1aAvWm4c1RQ2HnxFQYGFKS', '3meYUCHyh5OayViOog5daw', '1Ztcq0hkmzT4gWfmWZx3wu']",29424,36,['persian alternative'],12,3.53268743363e-10,0.07266182429693518,0.0701545681616568,0.011097481351095288
95,42o3S5oDd4Q4YyMNRmN5oS,Kiosk,"['4eVyI1yiHoRjVrxt5y7gGL', '0tctijgZruddzQ8FCgvDj2', '2jvB5M73tBZlWybPmxIaw7', '1xA7r3Y1UGCp3rQMkgFXz4', '4kC0KjDKDzan8PsIglvzio']",8227,26,"['classic persian pop', 'persian alternative']",6,1.2852196191e-10,0.00971203812037105,0.06803036609779786,0.003350836367192676
96,1km564YyHWr7156Imwfbp9,Sirvan Khosravi,"['3IDPcBP4OoTNvm3b4h46cW', '2IYl0pVatTl6O2d1CQj6GQ', '72482nIO3fujPgLNJQWuCy', '00J3XSB6tD4SGSFflGseDx', '1tOtb40DeTYQJZPe11zSVx']",11585,33,['persian pop'],1,-7.68741761502e-19,0.0013349917081260365,0.004975124378109453,0.0006503603071482583
97,7gZ2ehh4RMlxJia3aVmoLM,Moein Z,"['67kWRUuakWQ7zpgUCLWMCH', '2uae2HQyeF6uSsV7u1cUF2', '5soNWYxH02JzesP081GwEl', '6OPRYriCGklH6tE0vk5IM8', '3ik1ITmfyz6tnIgodqEHlz']",992,18,[],2,1.80441888045e-09,0.00022844112769485904,0.06558351394418228,0.0051109633596831015
98,5FTtKfa7DciDLMolfVdMMP,Haydeh,[],781,13,[],0,-5.61164516231e-18,0.0,0.0,0.0005511524201775143
99,4kC0KjDKDzan8PsIglvzio,Farhad,"['7f8OibY3PULjl3LFgONPXC', '2jvB5M73tBZlWybPmxIaw7', '1xA7r3Y1UGCp3rQMkgFXz4', '5b1CDxqOGnXr5M1DUn2XQh', '4eVyI1yiHoRjVrxt5y7gGL']",5451,25,['classic persian pop'],3,9.4234026388e-11,0.016417536280701084,0.06362005175315673,0.002974433625829145
100,1ft8rFTxoZ1c41DCR1tr1T,Abdi Behravanfar,"['3Z5yC2rnZ3KLYms3QEz9Ie', '7mTfF5lvdMyiWciH81cNBq', '55zgTrm0JBRzarhIzKaPPf', '1Ztcq0hkmzT4gWfmWZx3wu', '5Fq4u0e9OPI4k4R3QC6OZO']",1017,4,"['classic persian pop', 'persian alternative']",2,-1.83566660935e-17,0.0007705914870093975,0.009950248756218905,0.0009190892404613672
101,3Z5yC2rnZ3KLYms3QEz9Ie,Ballgard,"['1ft8rFTxoZ1c41DCR1tr1T', '4besYDIj6c0kONEoL2fFqP', '7mTfF5lvdMyiWciH81cNBq', '5Fq4u0e9OPI4k4R3QC6OZO', '42o3S5oDd4Q4YyMNRmN5oS']",1214,8,['persian alternative'],1,-1.13056899498e-17,0.0,0.006633499170812603,0.000689016509396317
102,1Ztcq0hkmzT4gWfmWZx3wu,Soheil Nafisi,"['1aAvWm4c1RQ2HnxFQYGFKS', '2NzB7sjEg2k46XhFXeYi2v', '4srYvTD5HMdRWxpKRHsNfV', '4eVyI1yiHoRjVrxt5y7gGL', '4besYDIj6c0kONEoL2fFqP']",4160,18,"['classic persian pop', 'persian alternative']",11,1.44274499015e-10,0.03381131251513954,0.06572602729232974,0.008639235856761164
103,1aAvWm4c1RQ2HnxFQYGFKS,Dang Show,"['0tctijgZruddzQ8FCgvDj2', '1Ztcq0hkmzT4gWfmWZx3wu', '4eVyI1yiHoRjVrxt5y7gGL', '5Uj3HYkiz1cn32IPHMqhOy', '4srYvTD5HMdRWxpKRHsNfV']",6766,23,"['classic persian pop', 'persian alternative', 'persian traditional']",10,1.92008570039e-10,0.04564613973756457,0.06582737814397557,0.009416757883802404
104,5ZJVKcOJZ2liLXcMD8G4fG,Mazyar Fallahi,"['7kyv6pxakvg25qRWqq9vj7', '21bYSNzWliPW8JOHPMzx7X', '0iMvs2xig8hcY8LdFCSHKZ', '3Glr2udz0D2reg29xp4Zta', '3W7mWUVC6aDPAQX7yRFdz5']",5249,29,['persian pop'],2,1.27786742328e-06,0.1138791195537464,0.09647244005958908,0.0010380675261778133
105,1W5u8Bz2yimyuuI8QNYsNO,Shahin Najafi,"['0tctijgZruddzQ8FCgvDj2', '4tXhsMzLWZ1WL952nYBPTL', '4eVyI1yiHoRjVrxt5y7gGL', '5F3JQSbuDo4pWGLC2UTLTI', '42o3S5oDd4Q4YyMNRmN5oS']",18781,33,"['classic persian pop', 'conscious hip hop', 'persian alternative']",3,3.03826232938e-10,0.027634234729627317,0.07126720321597356,0.0026320342239002166
106,4srYvTD5HMdRWxpKRHsNfV,Soheil Nafissi,"['1Ztcq0hkmzT4gWfmWZx3wu', '4eVyI1yiHoRjVrxt5y7gGL', '2NzB7sjEg2k46XhFXeYi2v', '1aAvWm4c1RQ2HnxFQYGFKS', '42o3S5oDd4Q4YyMNRmN5oS']",965,12,['persian alternative'],2,6.57739145336e-11,0.0004975124378109452,0.06042329048318211,0.0035192808649628024
107,5F3JQSbuDo4pWGLC2UTLTI,The Ways,"['0tctijgZruddzQ8FCgvDj2', '4besYDIj6c0kONEoL2fFqP', '6V6v6VpsjWE28oeoAnqPhg', '5YoplpynBN976eNYXe9ZrF', '1aAvWm4c1RQ2HnxFQYGFKS']",2662,18,['persian alternative'],7,2.69054199274e-10,0.021681281273168023,0.06863192078194238,0.007385457837638175
108,6V6v6VpsjWE28oeoAnqPhg,Kaveh Yaghmaei,"['0tctijgZruddzQ8FCgvDj2', '4eVyI1yiHoRjVrxt5y7gGL', '5F3JQSbuDo4pWGLC2UTLTI', '3IDPcBP4OoTNvm3b4h46cW', '1xA7r3Y1UGCp3rQMkgFXz4']",2167,15,"['classic persian pop', 'persian alternative']",3,1.46920234567e-10,0.008238308283792295,0.06706842847819036,0.0033730747292795267
109,07L6XZ7QaTsZLP8jwLoFgY,Googoosh,"['2jvB5M73tBZlWybPmxIaw7', '5b1CDxqOGnXr5M1DUn2XQh', '3IDPcBP4OoTNvm3b4h46cW', '5WCHc16VvzVCmBKH70CYfw', '4NdEcxTgFXf083ttLRBZOE']",24899,39,"['azeri traditional', 'classic persian pop']",1,-1.27274367348e-17,0.0024283345178867564,0.006633499170812603,0.0007462614262198959
110,1qJBncZ8HMjYqOtM8H6zfJ,Ahmad Shamlu,"['45EXJ1cQAEt8k2zIYHyLBm', '1Lvc9kIF7t5IQBu348jIWf', '3meYUCHyh5OayViOog5daw', '129o0b0q8hAgjrd7jDrbhP', '5Uj3HYkiz1cn32IPHMqhOy']",1141,15,[],1,-1.55058098362e-17,0.0003930348258706467,0.004975124378109453,0.0006751622788909444
111,1Lvc9kIF7t5IQBu348jIWf,Ahmad Shamloo,"['0k71Q31iQEpUbesX8dQBUM', '45EXJ1cQAEt8k2zIYHyLBm', '5Uj3HYkiz1cn32IPHMqhOy', '3meYUCHyh5OayViOog5daw', '1qJBncZ8HMjYqOtM8H6zfJ']",1523,7,[],1,-1.23117996009e-17,0.0009293431830745266,0.006633499170812603,0.0008549768771502649
112,5tJdqzQYWhaBSWzGVhqGUX,Alireza Ghorbani,"['5Uj3HYkiz1cn32IPHMqhOy', '3meYUCHyh5OayViOog5daw', '45EXJ1cQAEt8k2zIYHyLBm', '2NzB7sjEg2k46XhFXeYi2v', '1aAvWm4c1RQ2HnxFQYGFKS']",7188,24,"['classic persian pop', 'persian traditional']",2,3.26549240568e-11,0.0051675168529646135,0.056504374224180226,0.003097699540534862
113,5dXcd9n6xLT4yIgnmevz37,Davood Behboodi,"['69bVyzCRQweGwImywypLRD', '2HGF8MZq8nygoAlDB3BhCP', '5akOgE7THgqgmt4fAxQkre', '0EffwahbVorwsGoVtfovXM', '2Y2gsVQ9NzlSlQdCgnQ6ug']",1145,17,['classic persian pop'],2,0.0280069103718,2.177604043275685e-05,0.09746359526568074,0.002391955635797265
114,2HGF8MZq8nygoAlDB3BhCP,Nahid,"['69bVyzCRQweGwImywypLRD', '5akOgE7THgqgmt4fAxQkre', '5dXcd9n6xLT4yIgnmevz37', '3Tf5EjUPHi04W0filXAkrG', '0EffwahbVorwsGoVtfovXM']",1425,17,['classic persian pop'],4,0.0804685718361,0.0015132490505624836,0.11248762773746551,0.005109606851675995
115,7F3Cjk0SeVN410JfnpVzGu,Sattar,"['5vGVXwtTLpfUyOxX5nkV0P', '5b1CDxqOGnXr5M1DUn2XQh', '2qNu2Ys8ePDMvKwixWNdbS', '1FEABcMZtFitRlvH8V0UJI', '4NdEcxTgFXf083ttLRBZOE']",8058,31,['classic persian pop'],0,6.586419597e-18,0.0,0.0,0.0005511524201775143
116,7AJU2n7M6XW5j1fdqTdZgI,Tik Taak,"['2B4DnBz9uzJN5nPgLEHCt7', '5vVveQB8n4kETe67waTS3t', '4zNEj5bkHE0kNSpfIwgdvu', '0u4qrFczDmAsJesHPgbnru', '1PgsdK1Ll4oK28g6KLPOg1']",4667,20,"['persian alternative', 'persian hip hop', 'persian pop']",5,4.16735441212e-11,0.017278606965174147,0.07006150007977605,0.0024915617486883997
117,1PgsdK1Ll4oK28g6KLPOg1,Sadegh,"['5vVveQB8n4kETe67waTS3t', '0u4qrFczDmAsJesHPgbnru', '2B4DnBz9uzJN5nPgLEHCt7', '0jCVTRvQkILbJvpviTpvd1', '7AJU2n7M6XW5j1fdqTdZgI']",4508,21,['persian hip hop'],3,1.15692121675e-11,0.0008275290215588714,0.06391248544511485,0.0016742890846096247
118,5vVveQB8n4kETe67waTS3t,Ho3ein,"['1PgsdK1Ll4oK28g6KLPOg1', '2B4DnBz9uzJN5nPgLEHCt7', '3tecdksDTajgP8xxkuDgyJ', '0u4qrFczDmAsJesHPgbnru', '7AJU2n7M6XW5j1fdqTdZgI']",6855,29,"['persian alternative', 'persian hip hop']",6,1.74762667271e-11,0.0015128524046434503,0.06404022525613107,0.0030728232109460143
119,0jCVTRvQkILbJvpviTpvd1,Mehrad Hidden,"['5y33cZ1Lo1YVUjraV880Lb', '2SFwcduI9cdZsG6UxnBm3C', '7mGDv3CYlPghTIWzE6tOpv', '4uGBJ4gqsK7NAUb3DKTL7Q', '0u4qrFczDmAsJesHPgbnru']",5114,23,['persian hip hop'],6,2.82633036826e-10,5.2238805970149246e-05,0.06588580675822821,0.010883520069618804
120,47w4VyWVolZiXYnFt0wqr9,Ali Azimi,"['2J9qJ9p2W1wphlX15FzbVd', '3juum1Huev3gBqWuTfHzML', '5BmZFKfOtJ5uhZd4FZFA2U', '5sGy7zfcUWYPh3wHbyz4fn', '4eVyI1yiHoRjVrxt5y7gGL']",4914,23,['persian alternative'],4,-5.48424157379e-16,0.001006633499170813,0.02437810945273632,0.0026123672904569363
121,2J9qJ9p2W1wphlX15FzbVd,Pallett Band,"['3juum1Huev3gBqWuTfHzML', '5BmZFKfOtJ5uhZd4FZFA2U', '47w4VyWVolZiXYnFt0wqr9', '5GZNz7JdrJ5HgyKq44iDG1', '5sGy7zfcUWYPh3wHbyz4fn']",8176,28,['persian alternative'],5,-7.21191544142e-16,0.00012340346939025375,0.027086788280818133,0.0035725789213893362
122,5YoplpynBN976eNYXe9ZrF,Comment,"['55zgTrm0JBRzarhIzKaPPf', '4besYDIj6c0kONEoL2fFqP', '5F3JQSbuDo4pWGLC2UTLTI', '7mTfF5lvdMyiWciH81cNBq', '01xUafSGlkbklhhimae66R']",577,6,['persian alternative'],4,9.30569804803e-11,0.003259360725120164,0.06300967487286813,0.005350671503884358
123,55zgTrm0JBRzarhIzKaPPf,127,"['5YoplpynBN976eNYXe9ZrF', '4besYDIj6c0kONEoL2fFqP', '1Ztcq0hkmzT4gWfmWZx3wu', '01xUafSGlkbklhhimae66R', '1ft8rFTxoZ1c41DCR1tr1T']",1737,13,"['gypsy punk', 'persian alternative']",4,4.90414146332e-11,6.515043828476665e-05,0.05867911302593562,0.0036983974485365933
124,3juum1Huev3gBqWuTfHzML,Chaartaar,"['2J9qJ9p2W1wphlX15FzbVd', '5GZNz7JdrJ5HgyKq44iDG1', '5BmZFKfOtJ5uhZd4FZFA2U', '47w4VyWVolZiXYnFt0wqr9', '1aAvWm4c1RQ2HnxFQYGFKS']",7788,31,['persian alternative'],6,-7.71279334524e-16,0.007629142051003334,0.030472636815920398,0.0037929008378664057
125,5sGy7zfcUWYPh3wHbyz4fn,Marjan Farsad,"['2J9qJ9p2W1wphlX15FzbVd', '47w4VyWVolZiXYnFt0wqr9', '3juum1Huev3gBqWuTfHzML', '5BmZFKfOtJ5uhZd4FZFA2U', '1aAvWm4c1RQ2HnxFQYGFKS']",7656,28,['persian alternative'],3,-4.93785901147e-16,0.004544315872350622,0.022161917684305744,0.002393411884948902
126,2jljxkpACxjzTTEVNIFRXg,Darya Dadvar,"['1Ztcq0hkmzT4gWfmWZx3wu', '6zhA5Vu3mPLVuSCf3RVtxH', '4eVyI1yiHoRjVrxt5y7gGL', '1aAvWm4c1RQ2HnxFQYGFKS', '7f8OibY3PULjl3LFgONPXC']",5445,24,"['classic persian pop', 'persian traditional']",1,-9.17112460543e-18,0.00208167495854063,0.009950248756218905,0.0007239421209014735
127,4besYDIj6c0kONEoL2fFqP,Radio Tehran,"['5YoplpynBN976eNYXe9ZrF', '01xUafSGlkbklhhimae66R', '5F3JQSbuDo4pWGLC2UTLTI', '55zgTrm0JBRzarhIzKaPPf', '1aAvWm4c1RQ2HnxFQYGFKS']",2320,14,['persian alternative'],6,1.16659287552e-10,0.007101486974696883,0.06419406725769648,0.00700944103664064
128,01xUafSGlkbklhhimae66R,King Raam,"['4besYDIj6c0kONEoL2fFqP', '5YoplpynBN976eNYXe9ZrF', '55zgTrm0JBRzarhIzKaPPf', '1Ztcq0hkmzT4gWfmWZx3wu', '5F3JQSbuDo4pWGLC2UTLTI']",4259,24,['persian alternative'],2,4.10185330035e-11,0.0003676656400536998,0.05851823814443888,0.0030173031640096035
129,7159gjWBGZLDBKrhH0gQVB,Simin Ghanem,"['7f8OibY3PULjl3LFgONPXC', '2qNu2Ys8ePDMvKwixWNdbS', '5fDiPm7RFIZx73fNwnLOxR', '0FYkbjit3zaFIN4kvVUdGW', '1Z9AMFrgGmPJAqLqVTzrHZ']",1977,18,['classic persian pop'],1,2.10311139565e-05,0.0011111065551364058,0.1264860880781279,0.0015009243674102982
130,4zNEj5bkHE0kNSpfIwgdvu,Behzad Leito,"['2B4DnBz9uzJN5nPgLEHCt7', '3tecdksDTajgP8xxkuDgyJ', '7AJU2n7M6XW5j1fdqTdZgI', '5vVveQB8n4kETe67waTS3t', '1PgsdK1Ll4oK28g6KLPOg1']",9004,36,"['persian hip hop', 'persian pop']",3,9.86556899823e-12,0.0011007462686567174,0.06391248544511485,0.0017047859042940354
131,2uae2HQyeF6uSsV7u1cUF2,Mohsen Ebrahimzadeh,"['5soNWYxH02JzesP081GwEl', '67kWRUuakWQ7zpgUCLWMCH', '10q6ToQDyMq4fIckvuwXEO', '3ik1ITmfyz6tnIgodqEHlz', '1ZAJENUicmhfNznenQYymS']",3998,39,['persian pop'],9,5.95544768969e-09,0.011970563847429503,0.07115261680424692,0.016311286694044927
132,1ZAJENUicmhfNznenQYymS,Emo Band,"['2uae2HQyeF6uSsV7u1cUF2', '1OCJdJqPSwRk33D9wOlLN0', '67kWRUuakWQ7zpgUCLWMCH', '5soNWYxH02JzesP081GwEl', '7INpA5aJxfDmYebFzHMcGk']",319,12,[],1,1.16483152264e-09,0.005597014925373134,0.06534796515115546,0.0034870239436393955
133,6zu1JcNYULXTVw509cemBy,Hamed Nikpay,"['1Ztcq0hkmzT4gWfmWZx3wu', '6zhA5Vu3mPLVuSCf3RVtxH', '1aAvWm4c1RQ2HnxFQYGFKS', '2jljxkpACxjzTTEVNIFRXg', '27dwAgbXmxxoow8Mpn7aQz']",4295,22,"['classic persian pop', 'persian alternative', 'persian neo-traditional', 'persian traditional']",2,-2.55103082739e-17,0.007090080611977703,0.013266998341625206,0.000959937848243362
134,2NzB7sjEg2k46XhFXeYi2v,Peyman Yazdanian,"['42SXWPm6yVlwZQKfmZGoIb', '129o0b0q8hAgjrd7jDrbhP', '5Uj3HYkiz1cn32IPHMqhOy', '1Ztcq0hkmzT4gWfmWZx3wu', '0eqvP2PYOlKKEZQSKYf06d']",2942,18,"['persian alternative', 'persian neo-traditional', 'persian traditional']",7,8.55634298896e-11,0.022301866586918233,0.06089736765530408,0.00901913834948471
135,3RGDkgJ2rGLnm4JqoEvdVT,Ali Ghamsari,"['6G9faozjdy9wpfIKhDMRBR', '55eAm6u8p3FNbnOMlL0tfy', '76AfiUNXweLpRzTYqcAFPx', '7gDiOICKaYVFJugoruVGlS', '1jY0z6wdAJQuVr6sytzun7']",484,4,"['persian neo-traditional', 'persian traditional']",1,-6.08567100207e-18,2.4875621890547263e-05,0.006633499170812603,0.0006778119798046373
136,5CEosSs2y4M9THNGI6mej8,Amir Tataloo,"['1bVetRIib0DC0OuFKkrB17', '1yPzb9mqugowOfUs2vIOgL', '1HxhTTLPJlj5uiYSdjVgGU', '0Tvuhy3Z9svIM16dPhNgb9', '5vVveQB8n4kETe67waTS3t']",6577,32,['persian pop'],0,-2.19046480565e-18,0.0,0.0,0.0005511524201775143
137,1sGLUwUvy2iW7hhbNOpJLQ,Shakila,"['2qNu2Ys8ePDMvKwixWNdbS', '0FYkbjit3zaFIN4kvVUdGW', '0EffwahbVorwsGoVtfovXM', '5b1CDxqOGnXr5M1DUn2XQh', '3Tf5EjUPHi04W0filXAkrG']",3938,18,['classic persian pop'],0,-1.45376404273e-18,0.0,0.0,0.0005511524201775143
138,6zhA5Vu3mPLVuSCf3RVtxH,Mahsa Vahdat,"['6zu1JcNYULXTVw509cemBy', '2jljxkpACxjzTTEVNIFRXg', '1Ztcq0hkmzT4gWfmWZx3wu', '5Uj3HYkiz1cn32IPHMqhOy', '3meYUCHyh5OayViOog5daw']",5169,25,"['classic persian pop', 'persian alternative', 'persian traditional']",2,-1.8107521703e-17,0.00015594645818526416,0.011371712864250177,0.0008542523452373589
139,4CXwPHzJ8f5TxtyrsjbwLl,Morteza,"['0EffwahbVorwsGoVtfovXM', '3Tf5EjUPHi04W0filXAkrG', '6FwyjZoydsivQ2ge94HmLP', '5coMLgB6HtAg6rf9QVPLPa', '2Y2gsVQ9NzlSlQdCgnQ6ug']",2771,25,['classic persian pop'],3,0.0136139146837,0.032894617503265444,0.10249472923497757,0.0017639115515348572
140,6OPRYriCGklH6tE0vk5IM8,Amirhossein Eftekhari,"['67kWRUuakWQ7zpgUCLWMCH', '2uae2HQyeF6uSsV7u1cUF2', '5soNWYxH02JzesP081GwEl', '7gZ2ehh4RMlxJia3aVmoLM', '5fXqHVzbTggfhYUcjFUv3g']",1057,21,['persian pop'],3,2.18827978258e-09,0.007873134328358209,0.06541509197719671,0.006244946113883747
141,5fXqHVzbTggfhYUcjFUv3g,Morvarid,"['6OPRYriCGklH6tE0vk5IM8', '10q6ToQDyMq4fIckvuwXEO', '67kWRUuakWQ7zpgUCLWMCH', '2uae2HQyeF6uSsV7u1cUF2', '3pox3Tg5r65OlxX2zuNfRe']",228,13,[],1,4.28007674957e-10,0.0039054726368159204,0.06056261725135616,0.001675178892053657
142,3pox3Tg5r65OlxX2zuNfRe,Eddie Attar,"['3ik1ITmfyz6tnIgodqEHlz', '0LkkLM2M97UEG7hi5mLn3u', '10q6ToQDyMq4fIckvuwXEO', '0Ivc48Y30tpafzyoi2U4OJ', '3lDvSMuYmhBK4KhJ9Bryak']",779,20,['persian pop'],2,8.37144319488e-11,0.000472636815920398,0.05655558795719449,0.002215280871440362
143,72YzRGDNjyHcUMLtsmJgKN,Amirabbas Golab,"['0Ivc48Y30tpafzyoi2U4OJ', '3lDvSMuYmhBK4KhJ9Bryak', '0RijxlHRlHCt8hYWPclQRJ', '2uae2HQyeF6uSsV7u1cUF2', '5soNWYxH02JzesP081GwEl']",2513,26,['persian pop'],2,1.6486400809e-09,0.009067164179104473,0.07594703880715684,0.003932738753058922
144,1IlwO4YlID1tcb5QgWOiQu,Hamid Hiraad,"['0Ivc48Y30tpafzyoi2U4OJ', '3lDvSMuYmhBK4KhJ9Bryak', '0RijxlHRlHCt8hYWPclQRJ', '5soNWYxH02JzesP081GwEl', '1XLGWRdWbnYF5WrI8Kli4m']",6170,39,['persian pop'],5,2.38438518678e-09,0.007189054726368149,0.07612862168535685,0.005844637421344471
145,1XLGWRdWbnYF5WrI8Kli4m,Hamed Homayoun,"['3ik1ITmfyz6tnIgodqEHlz', '3lDvSMuYmhBK4KhJ9Bryak', '0Ivc48Y30tpafzyoi2U4OJ', '0RijxlHRlHCt8hYWPclQRJ', '5soNWYxH02JzesP081GwEl']",9326,37,['persian pop'],1,4.66364075532e-10,9.950248756218906e-06,0.06955935777149208,0.0016031642042106642
146,6OiXjQsfAJDqoukTEEtRFk,Kako Band,"['5BmZFKfOtJ5uhZd4FZFA2U', '3juum1Huev3gBqWuTfHzML', '5GZNz7JdrJ5HgyKq44iDG1', '1IlwO4YlID1tcb5QgWOiQu', '1km564YyHWr7156Imwfbp9']",2058,18,[],0,-3.51207920465e-19,0.0,0.0,0.0005511524201775143
147,5BmZFKfOtJ5uhZd4FZFA2U,Daal Band,"['3juum1Huev3gBqWuTfHzML', '2J9qJ9p2W1wphlX15FzbVd', '5GZNz7JdrJ5HgyKq44iDG1', '47w4VyWVolZiXYnFt0wqr9', '5sGy7zfcUWYPh3wHbyz4fn']",2413,19,"['persian alternative', 'persian neo-traditional']",4,-4.85311458992e-16,0.00014413315429904314,0.02437810945273632,0.002503147601361029
148,5GZNz7JdrJ5HgyKq44iDG1,Ali Zand Vakili,"['3juum1Huev3gBqWuTfHzML', '2J9qJ9p2W1wphlX15FzbVd', '5BmZFKfOtJ5uhZd4FZFA2U', '2IYl0pVatTl6O2d1CQj6GQ', '5Uj3HYkiz1cn32IPHMqhOy']",5574,29,[],4,-5.0325753887e-16,0.001609820438825568,0.022161917684305744,0.00258756531871425
149,0uCPk7Qaa7trIUAo0MarQa,Jahan,"['5TJxWW696uXFzZYpp9b6nk', '6XJ5KXl0DaiBPd5xH5x7i5', '6FwyjZoydsivQ2ge94HmLP', '1Sz090MImPxme9m9F5zM6x', '2rencXwi2bmo5d0P8443Ao']",2476,18,['classic persian pop'],2,-2.18267589169e-16,0.006736199952617862,0.020758277577629096,0.0011429155684092199
150,55eAm6u8p3FNbnOMlL0tfy,Jalil Shahnaz,"['7gDiOICKaYVFJugoruVGlS', '3fdDkhBEDruWRwbxaO9jUL', '1Hf2M5agx5UUq70iTJMB04', '3RGDkgJ2rGLnm4JqoEvdVT', '47rRBKkfnGlmXw8AztRvYf']",1057,12,['persian traditional'],2,-8.88900099016e-18,0.0003109452736318408,0.011194029850746268,0.0009828288259518582
151,0DymMFBnzHFnWU0kosXtsQ,Omid Hajili,"['0iMvs2xig8hcY8LdFCSHKZ', '72482nIO3fujPgLNJQWuCy', '21bYSNzWliPW8JOHPMzx7X', '159EfTbAauNiYWo4L0n30z', '05xOq3llEmAYBHDUsgHpi2']",2123,27,['persian pop'],3,1.55123907593e-08,0.004157682588279602,0.0811578987193311,0.0014958981524451588
152,3Glr2udz0D2reg29xp4Zta,Mehdi Yarrahi,"['7kyv6pxakvg25qRWqq9vj7', '5ZJVKcOJZ2liLXcMD8G4fG', '1kvuyOm5YCLM6VqzXUR1wP', '7INpA5aJxfDmYebFzHMcGk', '5EvLD8ZqQKUQVTORi5z8tm']",1785,18,['persian pop'],1,2.49939269078e-07,0.011539152721242273,0.0852375291683177,0.0007380110652194494
153,7INpA5aJxfDmYebFzHMcGk,Mehdi Ahmadvand,"['5EvLD8ZqQKUQVTORi5z8tm', '7LVIM96INQRse5bdloKlzM', '10q6ToQDyMq4fIckvuwXEO', '3XgrqdSU9HUqgm4wHC9mUx', '1OCJdJqPSwRk33D9wOlLN0']",3408,27,['persian pop'],3,3.09501151092e-07,0.06833830845771144,0.11008053939464305,0.0030164019783169137
154,5sarhkyrBmQFnOJe2HrMBH,Kayhan Kalhor,"['129o0b0q8hAgjrd7jDrbhP', '5Uj3HYkiz1cn32IPHMqhOy', '2NzB7sjEg2k46XhFXeYi2v', '42SXWPm6yVlwZQKfmZGoIb', '5C43FNPZAzBXLGWgkYWbs1']",9612,22,"['oriental classical', 'persian neo-traditional', 'persian traditional']",2,4.50241834578e-11,0.0001044776119402985,0.05558470667495854,0.003677233780018515
155,27dwAgbXmxxoow8Mpn7aQz,Salar Aghili,"['0FYkbjit3zaFIN4kvVUdGW', '5Uj3HYkiz1cn32IPHMqhOy', '3meYUCHyh5OayViOog5daw', '5C43FNPZAzBXLGWgkYWbs1', '45EXJ1cQAEt8k2zIYHyLBm']",5830,25,"['classic persian pop', 'persian traditional']",2,1.96511797023e-11,0.004851652887489757,0.05551242487174013,0.002025923087127725
156,7LVIM96INQRse5bdloKlzM,Alireza Talischi,"['5EvLD8ZqQKUQVTORi5z8tm', '7INpA5aJxfDmYebFzHMcGk', '0RijxlHRlHCt8hYWPclQRJ', '0Ivc48Y30tpafzyoi2U4OJ', '3XgrqdSU9HUqgm4wHC9mUx']",1495,21,['persian pop'],1,6.05356158467e-08,0.06485572139303482,0.09714964460686651,0.003265957413775528
157,3QNGoF6VzVNnkpjJDT3NHq,Shayea,"['7mGDv3CYlPghTIWzE6tOpv', '0u4qrFczDmAsJesHPgbnru', '2SFwcduI9cdZsG6UxnBm3C', '3NMQEyYaKVKd0ZBVJwyAwS', '4uGBJ4gqsK7NAUb3DKTL7Q']",4309,25,['persian hip hop'],1,7.80458156008e-11,0.0036567164179104475,0.07113258771417065,0.003163390105787595
158,1doxtFN19fZFut0UYCuf8c,Mehdi Jahani,"['0Ivc48Y30tpafzyoi2U4OJ', '3ik1ITmfyz6tnIgodqEHlz', '0RijxlHRlHCt8hYWPclQRJ', '5soNWYxH02JzesP081GwEl', '3lDvSMuYmhBK4KhJ9Bryak']",2149,32,['persian pop'],0,1.95331114632e-18,0.0,0.0,0.0005511524201775143
159,6hKJvRsiSIyjIBv9usxkhh,Kourosh Yaghmaei,"['2jvB5M73tBZlWybPmxIaw7', '5b1CDxqOGnXr5M1DUn2XQh', '07L6XZ7QaTsZLP8jwLoFgY', '1xA7r3Y1UGCp3rQMkgFXz4', '3pI1XXzzKOYdYCLWurc2Ky']",6389,32,['classic persian pop'],1,-1.04123324143e-17,6.716417910447761e-05,0.004975124378109453,0.0006503603071482583
160,0eqvP2PYOlKKEZQSKYf06d,Andrea Bauer,"['2NzB7sjEg2k46XhFXeYi2v', '42SXWPm6yVlwZQKfmZGoIb', '098NN14k4Oa9ZsSO1t3ECk', '5sarhkyrBmQFnOJe2HrMBH', '129o0b0q8hAgjrd7jDrbhP']",327,6,[],1,1.6735455414e-11,0.0032587064676616916,0.055729836457399685,0.002174994235129077
161,3tecdksDTajgP8xxkuDgyJ,Alireza Jj,"['2B4DnBz9uzJN5nPgLEHCt7', '5vVveQB8n4kETe67waTS3t', '4zNEj5bkHE0kNSpfIwgdvu', '7AJU2n7M6XW5j1fdqTdZgI', '1PgsdK1Ll4oK28g6KLPOg1']",4411,30,"['persian hip hop', 'persian pop']",5,8.76607497925e-12,0.00014303482587064677,0.05886367306151422,0.0025938040341483854
162,1OCJdJqPSwRk33D9wOlLN0,Saman Jalili,"['7INpA5aJxfDmYebFzHMcGk', '10q6ToQDyMq4fIckvuwXEO', '2uae2HQyeF6uSsV7u1cUF2', '67kWRUuakWQ7zpgUCLWMCH', '7LVIM96INQRse5bdloKlzM']",2868,25,['persian pop'],1,2.27830488174e-10,0.0,0.060476345716810063,0.0011787842883457093
163,68Mz4oTRLkgxPgdkmfujeL,Majid Derakhshani,"['6G9faozjdy9wpfIKhDMRBR', '3f2boapgR4BFR5VaWqCeat', '76AfiUNXweLpRzTYqcAFPx', '47rRBKkfnGlmXw8AztRvYf', '55eAm6u8p3FNbnOMlL0tfy']",508,13,['persian traditional'],1,-9.77068659521e-18,2.4875621890547263e-05,0.006633499170812603,0.0006778119798046373
164,76AfiUNXweLpRzTYqcAFPx,Hamid Motebassem,"['1Hf2M5agx5UUq70iTJMB04', '5lkDBB31Xx39oqr9XqmbmY', '68Mz4oTRLkgxPgdkmfujeL', '55eAm6u8p3FNbnOMlL0tfy', '3fdDkhBEDruWRwbxaO9jUL']",523,12,['persian traditional'],3,-2.80164752055e-18,0.00041044776119402983,0.022614201718679332,0.005329883576133553
165,3W7mWUVC6aDPAQX7yRFdz5,25band,"['7kyv6pxakvg25qRWqq9vj7', '5ZJVKcOJZ2liLXcMD8G4fG', '21bYSNzWliPW8JOHPMzx7X', '2ZC6H1OYbKsTwyWP2oipVD', '0iMvs2xig8hcY8LdFCSHKZ']",2355,17,['persian pop'],2,3.10711646979e-07,0.0007473195682150905,0.08461656040905483,0.0013418551007261018
166,1bVetRIib0DC0OuFKkrB17,Shahab Tiam,"['1IU605ta1wAa04gO13wTsT', '6FwyjZoydsivQ2ge94HmLP', '2rencXwi2bmo5d0P8443Ao', '6CwqlS95wmmB4ZWgCtdzUi', '0EffwahbVorwsGoVtfovXM']",4554,37,['persian pop'],3,7.57842049028e-07,0.014267312034695705,0.08395094341468665,0.0018617514623280318
167,0dEXbKWCnr91EGFzeI3mXS,Sina Sarlak,"['68Mz4oTRLkgxPgdkmfujeL', '4bkJC3QFh36174LdwZbas1', '3f2boapgR4BFR5VaWqCeat', '6G9faozjdy9wpfIKhDMRBR', '6zu1JcNYULXTVw509cemBy']",1032,25,['persian traditional'],1,-8.78603297005e-18,0.0032960199004975115,0.004975124378109453,0.0006778119798046373
168,4bkJC3QFh36174LdwZbas1,Bijan Bijani,"['0dEXbKWCnr91EGFzeI3mXS', '3f2boapgR4BFR5VaWqCeat', '3zQdpHMTdJnV4aCzGqCBYK', '5Qz3GBP3GBO2h0sNKHyjJ2', '5tJdqzQYWhaBSWzGVhqGUX']",784,8,['persian traditional'],1,-1.39360334438e-17,0.0004962686567164179,0.006633499170812603,0.0007036608432511247
169,5ImecuuoVCZHfMq7Ohe3pY,Ali Abdolmaleki,"['4xqposteS5UiLqNIRrHEqm', '0iMvs2xig8hcY8LdFCSHKZ', '4s7Z3TRfMsMcMwBbE6iSBV', '6krYKhItuUgO1cfktfsO20', '3Dtb6nQCoMLf8iKVtDnSvh']",3146,21,['persian pop'],3,6.806481769e-06,0.07675324576611887,0.11056105610561057,0.004984415712989096
170,7kyv6pxakvg25qRWqq9vj7,Morteza Pashaei,"['5ZJVKcOJZ2liLXcMD8G4fG', '0iMvs2xig8hcY8LdFCSHKZ', '3W7mWUVC6aDPAQX7yRFdz5', '0mHI0Oi13X1Qi5ubUxYeUe', '1HxhTTLPJlj5uiYSdjVgGU']",13897,38,['persian pop'],2,3.10711646984e-07,0.09538723051409619,0.08461656040905483,0.0013418551007261018
171,230YvsAgS4Uu6leCUUc6Bp,Afshin Moghadam,"['7MYldHzLrKMxUl7AcNTmHO', '05owR1ds02eaZgCrtfATRF', '5TJxWW696uXFzZYpp9b6nk', '7DCmQW885aZQY5fhN1C2PD', '5fDiPm7RFIZx73fNwnLOxR']",425,5,['classic persian pop'],1,4.58668484653e-18,0.0,0.013999768598866135,0.0007670433297061635
172,3f2boapgR4BFR5VaWqCeat,Iraj Bastami,"['68Mz4oTRLkgxPgdkmfujeL', '3RGDkgJ2rGLnm4JqoEvdVT', '0dEXbKWCnr91EGFzeI3mXS', '55eAm6u8p3FNbnOMlL0tfy', '1Hf2M5agx5UUq70iTJMB04']",1441,13,['persian traditional'],2,-8.74068739738e-18,0.0002487562189054726,0.011194029850746268,0.0010086776893983454
173,1Hf2M5agx5UUq70iTJMB04,Mohammad Reza Lotfi,"['3fdDkhBEDruWRwbxaO9jUL', '76AfiUNXweLpRzTYqcAFPx', '5lkDBB31Xx39oqr9XqmbmY', '47rRBKkfnGlmXw8AztRvYf', '68Mz4oTRLkgxPgdkmfujeL']",2678,14,['persian traditional'],4,-4.15153395712e-18,0.0011940298507462687,0.03109452736318408,0.008030656638830245
174,5lkDBB31Xx39oqr9XqmbmY,Dastan Ensemble,"['1Hf2M5agx5UUq70iTJMB04', '129o0b0q8hAgjrd7jDrbhP', '47rRBKkfnGlmXw8AztRvYf', '76AfiUNXweLpRzTYqcAFPx', '3meYUCHyh5OayViOog5daw']",981,7,['persian traditional'],2,7.07711397069e-18,0.0001243781094527363,0.021630975556997622,0.004292745443642422
175,0Tvuhy3Z9svIM16dPhNgb9,Mohammad Bibak,"['5CEosSs2y4M9THNGI6mej8', '1PgsdK1Ll4oK28g6KLPOg1', '1yPzb9mqugowOfUs2vIOgL', '7AJU2n7M6XW5j1fdqTdZgI', '3tecdksDTajgP8xxkuDgyJ']",933,9,"['persian alternative', 'persian hip hop', 'persian pop']",1,2.8665470173e-18,2.0729684908789383e-05,0.004975124378109453,0.0006751622788909444
176,5Fq4u0e9OPI4k4R3QC6OZO,Rana Farhan,"['1ft8rFTxoZ1c41DCR1tr1T', '1Ztcq0hkmzT4gWfmWZx3wu', '7f8OibY3PULjl3LFgONPXC', '42o3S5oDd4Q4YyMNRmN5oS', '4kC0KjDKDzan8PsIglvzio']",3258,15,"['classic persian pop', 'persian alternative']",1,-1.04811652399e-17,0.0009147516386322356,0.008955223880597014,0.000689016509396317
177,1Z9AMFrgGmPJAqLqVTzrHZ,Marjan,"['5fDiPm7RFIZx73fNwnLOxR', '5b1CDxqOGnXr5M1DUn2XQh', '0cuFX3PhgtIqQDKPLCL854', '0FYkbjit3zaFIN4kvVUdGW', '2jvB5M73tBZlWybPmxIaw7']",2194,30,['classic persian pop'],2,2.11745729828e-05,0.016945987056061682,0.12076111662338941,0.0019427247043467973
178,42SXWPm6yVlwZQKfmZGoIb,Ahmad Pejman,"['2NzB7sjEg2k46XhFXeYi2v', '129o0b0q8hAgjrd7jDrbhP', '61ZXD1o7fJ7DrwLXMzt50Y', '5Uj3HYkiz1cn32IPHMqhOy', '5sarhkyrBmQFnOJe2HrMBH']",1093,9,['persian traditional'],1,1.67354695626e-11,0.003233830845771144,0.0557662373956475,0.002174994235129077
179,61ZXD1o7fJ7DrwLXMzt50Y,Majid Entezami,"['42SXWPm6yVlwZQKfmZGoIb', '2NzB7sjEg2k46XhFXeYi2v', '5tJdqzQYWhaBSWzGVhqGUX', '5Uj3HYkiz1cn32IPHMqhOy', '129o0b0q8hAgjrd7jDrbhP']",691,9,['persian traditional'],1,3.27331104557e-12,0.0030845771144278607,0.05143259605586525,0.002509063354701798
180,3NMQEyYaKVKd0ZBVJwyAwS,Bahram Nouraei,"['0u4qrFczDmAsJesHPgbnru', '3QNGoF6VzVNnkpjJDT3NHq', '5y33cZ1Lo1YVUjraV880Lb', '2SFwcduI9cdZsG6UxnBm3C', '1gNqCEatbX4cKskpTzyAsI']",5579,17,['persian hip hop'],1,1.52650534438e-11,0.0,0.06498218507937355,0.0011205501827835135
181,2B4DnBz9uzJN5nPgLEHCt7,Sohrab Mj,"['5y33cZ1Lo1YVUjraV880Lb', '5vVveQB8n4kETe67waTS3t', '2SFwcduI9cdZsG6UxnBm3C', '4uGBJ4gqsK7NAUb3DKTL7Q', '3tecdksDTajgP8xxkuDgyJ']",3036,24,['persian hip hop'],6,1.74762491186e-11,0.0015286069651741304,0.06404022525613107,0.003070721450369092
182,47rRBKkfnGlmXw8AztRvYf,Parviz Meshkatian,"['1Hf2M5agx5UUq70iTJMB04', '129o0b0q8hAgjrd7jDrbhP', '5Uj3HYkiz1cn32IPHMqhOy', '55eAm6u8p3FNbnOMlL0tfy', '5lkDBB31Xx39oqr9XqmbmY']",3353,19,['persian traditional'],1,-4.35086216135e-18,0.0,0.019900497512437814,0.0029604677161012326
183,2BAb1Ohq2UZYaK5JsYwsL6,Saeed Shayesteh,"['1bVetRIib0DC0OuFKkrB17', '1IU605ta1wAa04gO13wTsT', '0uCPk7Qaa7trIUAo0MarQa', '2rencXwi2bmo5d0P8443Ao', '6FwyjZoydsivQ2ge94HmLP']",2264,21,['classic persian pop'],1,1.00400034408e-17,0.0,0.007462686567164179,0.0007078484100663297
184,3fdDkhBEDruWRwbxaO9jUL,Ahmad Ebadi,"['0VBhf7JZeqXh9k9fMBjbDL', '1Hf2M5agx5UUq70iTJMB04', '55eAm6u8p3FNbnOMlL0tfy', '5lHrDA7zeOdc9IlQ4uuy2p', '6UJJrrovYZtNDlNXbqoxnD']",541,6,['persian traditional'],2,-1.29134286152e-18,0.0008706467661691541,0.025082918739635158,0.003402742925530349
185,4s7Z3TRfMsMcMwBbE6iSBV,Ahmad Saeedi,"['5ImecuuoVCZHfMq7Ohe3pY', '0iMvs2xig8hcY8LdFCSHKZ', '4xqposteS5UiLqNIRrHEqm', '1HxhTTLPJlj5uiYSdjVgGU', '05xOq3llEmAYBHDUsgHpi2']",2493,26,['persian pop'],2,1.34367355856e-06,0.0007006633499170812,0.09554367201426024,0.0019529649385366895
186,6UJJrrovYZtNDlNXbqoxnD,Keyvan Saket,"['3fdDkhBEDruWRwbxaO9jUL', '1Hf2M5agx5UUq70iTJMB04', '0dEXbKWCnr91EGFzeI3mXS', '55eAm6u8p3FNbnOMlL0tfy', '3f2boapgR4BFR5VaWqCeat']",501,5,['persian traditional'],1,2.54047643026e-17,0.0,0.01990049751243781,0.00208245519641884
187,159EfTbAauNiYWo4L0n30z,Kamyr,"['0iMvs2xig8hcY8LdFCSHKZ', '0DymMFBnzHFnWU0kosXtsQ', '0T1TzS3WjueMtv79puFaqr', '6a3oGQA11oMCKPqYRcG7Nq', '72482nIO3fujPgLNJQWuCy']",1437,21,['persian pop'],1,3.03408285357e-09,0.0,0.07260043320810912,0.0009999406942368058
188,1kvuyOm5YCLM6VqzXUR1wP,Fereydoun Asraei,"['3Glr2udz0D2reg29xp4Zta', '5ZJVKcOJZ2liLXcMD8G4fG', '7LVIM96INQRse5bdloKlzM', '12fBANjOYf8IsllhF9fvkR', '5EvLD8ZqQKUQVTORi5z8tm']",1964,22,['persian pop'],1,4.88858523717e-08,0.0,0.07652606532554619,0.0008832618432794888
189,4xqposteS5UiLqNIRrHEqm,Amin Rostami,"['5ImecuuoVCZHfMq7Ohe3pY', '0iMvs2xig8hcY8LdFCSHKZ', '7kyv6pxakvg25qRWqq9vj7', '4s7Z3TRfMsMcMwBbE6iSBV', '72482nIO3fujPgLNJQWuCy']",2070,22,['persian pop'],1,1.33128605321e-06,0.0,0.09493446687920651,0.0016727109332534498
190,5Qz3GBP3GBO2h0sNKHyjJ2,Rastak,"['6zhA5Vu3mPLVuSCf3RVtxH', '5VnYfJJCJApPJiPG85ny9C', '4bkJC3QFh36174LdwZbas1', '6jCwWmmC5b4fF2y0OOP6g8', '0dEXbKWCnr91EGFzeI3mXS']",2284,16,['persian traditional'],1,-7.28528494469e-18,9.908789386401327e-05,0.007462686567164179,0.000867801319245322
191,6jCwWmmC5b4fF2y0OOP6g8,Eendo,"['1Ztcq0hkmzT4gWfmWZx3wu', '4besYDIj6c0kONEoL2fFqP', '55zgTrm0JBRzarhIzKaPPf', '1aAvWm4c1RQ2HnxFQYGFKS', '01xUafSGlkbklhhimae66R']",2788,22,"['classic persian pop', 'persian alternative']",1,-6.71802535727e-18,0.0031587893864013263,0.007960199004975124,0.0013321774986330378
192,7pBXdJN9S9N9nNifjPixET,Tohi,"['3ik1ITmfyz6tnIgodqEHlz', '0LkkLM2M97UEG7hi5mLn3u', '3pox3Tg5r65OlxX2zuNfRe', '5soNWYxH02JzesP081GwEl', '10q6ToQDyMq4fIckvuwXEO']",3649,28,['persian pop'],1,7.17807264653e-18,0.0,0.004975124378109453,0.0007076832643713768
193,6krYKhItuUgO1cfktfsO20,Alireza Roozegar,"['1OCJdJqPSwRk33D9wOlLN0', '5ImecuuoVCZHfMq7Ohe3pY', '7INpA5aJxfDmYebFzHMcGk', '6jhf7iz6RrJYg6eTJQmGAf', '4s7Z3TRfMsMcMwBbE6iSBV']",549,11,['persian pop'],1,1.33128605321e-06,0.0033582089552238806,0.09615232427470286,0.0016727109332534498
194,57Pw3FSi1qi2fOY4wKOKjK,Akcent,"['1oiZoULxUJDYGOKMgVefP4', '6RQDTlies3nrNDJwXvbBZT', '1oqThNqOfhev071PvmOwWQ', '0Qz06Kvk8662UwwVMpjYet', '2TOr71R5gmHQNH2xEcYtCu']",49890,48,"['disco polo', 'romanian pop']",1,6.09305135865e-18,4.9751243781094526e-05,0.004975124378109453,0.0006503603071482583
195,1oqThNqOfhev071PvmOwWQ,DJ Project,"['7r5r62YLteBfMwEC7R5Mvq', '1MRQV5l5n4ax84U6CQljVq', '0EzdKL71gSNlSxnAmEQeGV', '5ehzqXnSLerlBOvT6lnQ8l', '72FGvJgYbs0NBeJqECy6cF']",13568,37,"['romanian pop', 'romanian rock']",1,1.09925917202e-17,4.9751243781094526e-05,0.006633499170812603,0.0011364794383046592
196,3XgrqdSU9HUqgm4wHC9mUx,Mohammad Alizadeh,"['7INpA5aJxfDmYebFzHMcGk', '0RijxlHRlHCt8hYWPclQRJ', '7LVIM96INQRse5bdloKlzM', '0iMvs2xig8hcY8LdFCSHKZ', '0Ivc48Y30tpafzyoi2U4OJ']",5900,28,['persian pop'],1,1.18402169847e-08,0.061373134328358205,0.08693732701679317,0.0034905606399410647
197,6CwqlS95wmmB4ZWgCtdzUi,Farzad Farzin,"['1tOtb40DeTYQJZPe11zSVx', '0T1TzS3WjueMtv79puFaqr', '0EffwahbVorwsGoVtfovXM', '2qNu2Ys8ePDMvKwixWNdbS', '1bVetRIib0DC0OuFKkrB17']",7041,35,['persian pop'],1,3.87462790435e-06,0.010963488017526649,0.09330940923796319,0.0011442534996036397
198,098NN14k4Oa9ZsSO1t3ECk,Karen Homayounfar,"['42SXWPm6yVlwZQKfmZGoIb', '61ZXD1o7fJ7DrwLXMzt50Y', '2NzB7sjEg2k46XhFXeYi2v', '5Uj3HYkiz1cn32IPHMqhOy', '0dEXbKWCnr91EGFzeI3mXS']",1323,14,[],1,3.27330248074e-12,0.0,0.05209529276693456,0.0012037893983522755
199,3Dtb6nQCoMLf8iKVtDnSvh,Pouya Bayati,"['5ImecuuoVCZHfMq7Ohe3pY', '1OCJdJqPSwRk33D9wOlLN0', '4xqposteS5UiLqNIRrHEqm', '7INpA5aJxfDmYebFzHMcGk', '1tOtb40DeTYQJZPe11zSVx']",347,10,[],1,1.33128605321e-06,0.06129666817428011,0.09615232427470286,0.0016727109332534498
